time_s,theta_rad
0.0,0.028228550077891896
1.0,0.025721209368142386
2.0,0.02321386865839288
3.0,0.02070652794864337
4.0,0.018199187238893865
5.0,0.015825352397612538
6.0,0.013771931640654848
7.0,0.011718510883697159
8.0,0.00966509012673947
9.0,0.007611669369781781
10.0,0.00582568224684908
11.0,0.00422689866773387
12.0,0.002628115088618658
13.0,0.0010293315095034504
14.0,-0.0005694520696117597
15.0,-0.0017668516947777911
16.0,-0.0029107334594172655
17.0,-0.0040546152240567394
18.0,-0.005198496988696215
19.0,-0.006192962056590702
20.0,-0.006490149206341918
21.0,-0.006787336356093134
22.0,-0.0070845235058443505
23.0,-0.007381710655595567
24.0,-0.007795929510847163
25.0,-0.008341809034786684
26.0,-0.008887688558726205
27.0,-0.009433568082665728
28.0,-0.00997944760660525
29.0,-0.010085793507866663
30.0,-0.010056898294457887
31.0,-0.010028003081049112
32.0,-0.009999107867640338
33.0,-0.009965501909842035
34.0,-0.009856524041811265
35.0,-0.009747546173780496
36.0,-0.009638568305749726
37.0,-0.009529590437718958
38.0,-0.009371307519471007
39.0,-0.009122632009158227
40.0,-0.008873956498845446
41.0,-0.008625280988532665
42.0,-0.008376605478219884
43.0,-0.007989247922504673
44.0,-0.007526245614751774
45.0,-0.0070632433069988745
46.0,-0.006600240999245973
47.0,-0.006137238691493074
48.0,-0.005550330162392961
49.0,-0.0049556774944586515
50.0,-0.004361024826524338
51.0,-0.0037663721585900253
52.0,-0.0031601996856320588
53.0,-0.002516587846347217
54.0,-0.0018729760070623756
55.0,-0.0012293641677775342
56.0,-0.0005857523284926924
57.0,0.0002574513462748347
58.0,0.0012780699859158604
59.0,0.002298688625556886
60.0,0.0033193072651979114
61.0,0.004339925904838948
62.0,0.005216965322789555
63.0,0.0060632377646636666
64.0,0.00690951020653776
65.0,0.007755782648411854
66.0,0.008544820261706353
67.0,0.008904596660653734
68.0,0.009264373059601125
69.0,0.009624149458548512
70.0,0.009983925857495898
71.0,0.010156154082157585
72.0,0.010060456343553986
73.0,0.009964758604950387
74.0,0.009869060866346788
75.0,0.009773363127743188
76.0,0.009560684422280698
77.0,0.009299263647293672
78.0,0.009037842872306644
79.0,0.008776422097319617
80.0,0.008515001322332589
81.0,0.008515001322332618
82.0,0.00851500132233265
83.0,0.008515001322332679
84.0,0.00851500132233271
85.0,0.008515001322332722
86.0,0.008515001322332691
87.0,0.008515001322332662
88.0,0.008515001322332632
89.0,0.008515001322332601
90.0,0.008515001322332589
91.0,0.008515001322332589
92.0,0.008515001322332589
93.0,0.008515001322332589
94.0,0.008515001322332589
95.0,0.008515001322332589
96.0,0.008515001322332589
97.0,0.008515001322332589
98.0,0.008515001322332589
99.0,0.008523487671104902
100.0,0.008571576980814679
101.0,0.008619666290524457
102.0,0.008667755600234233
103.0,0.008715844909944011
104.0,0.00874944737524765
105.0,0.008766752140594386
106.0,0.008784056905941121
107.0,0.008801361671287856
108.0,0.00881866643663459
109.0,0.008772185303941677
110.0,0.008706077741082719
111.0,0.00863997017822376
112.0,0.008573862615364802
113.0,0.008504113358840442
114.0,0.00837609700366965
115.0,0.00824808064849886
116.0,0.00812006429332807
117.0,0.007992047938157278
118.0,0.007849770850848854
119.0,0.007681349087954766
120.0,0.00751292732506068
121.0,0.007344505562166593
122.0,0.007176083799272502
123.0,0.0069907045930413325
124.0,0.0067960758722626574
125.0,0.006601447151483982
126.0,0.006406818430705303
127.0,0.006212189709926631
128.0,0.00555664066233967
129.0,0.00487228409432719
130.0,0.0041879275263147255
131.0,0.0035035709583022307
132.0,0.002974047652157098
133.0,0.0029477324470808417
134.0,0.0029214172420045864
135.0,0.00289510203692833
136.0,0.002868786831852074
137.0,0.003127414799865217
138.0,0.00363932558840227
139.0,0.0041512363769393235
140.0,0.004663147165476377
141.0,0.005175057954013429
142.0,0.006031508060778358
143.0,0.006961788021449258
144.0,0.007892067982120159
145.0,0.008822347942791062
146.0,0.009787739563301737
147.0,0.01101646863261073
148.0,0.01224519770191972
149.0,0.013473926771228712
150.0,0.014702655840537702
151.0,0.01595483812986462
152.0,0.01724052501921715
153.0,0.018526211908569703
154.0,0.019811898797922205
155.0,0.021097585687274732
156.0,0.022311074504714007
157.0,0.02349448079218945
158.0,0.024677887079664843
159.0,0.025861293367140263
160.0,0.02704469965461568
161.0,0.0280139495348512
162.0,0.028983199415086765
163.0,0.029952449295322307
164.0,0.03092169917555785
165.0,0.031786483181480946
166.0,0.03240054908905424
167.0,0.033014614996627514
168.0,0.03362868090420079
169.0,0.034242746811774055
170.0,0.03456496189885929
171.0,0.03468288141160288
172.0,0.034800800924346474
173.0,0.034918720437090066
174.0,0.03503663994983366
175.0,0.034497051915989396
176.0,0.03386979620926676
177.0,0.03324254050254411
178.0,0.03261528479582147
179.0,0.03210093810650725
180.0,0.032113500165098965
181.0,0.03212606222369068
182.0,0.0321386242822824
183.0,0.03215118634087412
184.0,0.03223275142617247
185.0,0.03239194491651577
186.0,0.03255113840685908
187.0,0.03271033189720239
188.0,0.0328695253875457
189.0,0.033557845206756996
190.0,0.034408973127158446
191.0,0.0352601010475599
192.0,0.036111228967961366
193.0,0.036926639244061234
194.0,0.037170567211336034
195.0,0.03741449517861083
196.0,0.037658423145885626
197.0,0.037902351113160426
198.0,0.03792822297911974
199.0,0.03755432532600066
200.0,0.03718042767288157
201.0,0.03680653001976249
202.0,0.0364326323666434
203.0,0.0357486176005841
204.0,0.03489544804564831
205.0,0.034042278490712514
206.0,0.03318910893577673
207.0,0.032335939380840936
208.0,0.031162019285719843
209.0,0.029968052281837167
210.0,0.028774085277954494
211.0,0.02758011827407182
212.0,0.026338579647784136
213.0,0.02494243324868017
214.0,0.023546286849576204
215.0,0.02215014045047224
216.0,0.020753994051368276
217.0,0.019324315775783314
218.0,0.017864831387770806
219.0,0.016405346999758295
220.0,0.014945862611745785
221.0,0.013486378223733275
222.0,0.01208921648089763
223.0,0.010705409590599888
224.0,0.009321602700302144
225.0,0.007937795810004401
226.0,0.006616870239950838
227.0,0.005767554571728634
228.0,0.004918238903506431
229.0,0.004068923235284265
230.0,0.0032196075670620247
231.0,0.0026298333587428456
232.0,0.002410832664570846
233.0,0.0021918319703988463
234.0,0.001972831276226847
235.0,0.0017538305820548473
236.0,0.0020929240437698214
237.0,0.002664556737104344
238.0,0.0032361894304389154
239.0,0.0038078221237734626
240.0,0.004379454817108009
241.0,0.0044386821326331954
242.0,0.0044979094481583815
243.0,0.004557136763683568
244.0,0.004616364079208755
245.0,0.0046581715960500435
246.0,0.004658171596049983
247.0,0.004658171596049922
248.0,0.004658171596049861
249.0,0.0046581715960498015
250.0,0.00465817159604983
251.0,0.00465817159604992
252.0,0.0046581715960500114
253.0,0.004658171596050102
254.0,0.004658171596050193
255.0,0.00465817159605015
256.0,0.0046581715960500895
257.0,0.004658171596050029
258.0,0.004658171596049968
259.0,0.004658171596049919
260.0,0.004658171596049919
261.0,0.004658171596049919
262.0,0.004658171596049919
263.0,0.004658171596049919
264.0,0.004658171596049919
265.0,0.004658171596049919
266.0,0.004658171596049919
267.0,0.004658171596049919
268.0,0.004658171596049919
269.0,0.004658171596049942
270.0,0.0046581715960499715
271.0,0.004658171596050002
272.0,0.004658171596050032
273.0,0.004658171596050061
274.0,0.004658171596050061
275.0,0.004658171596050061
276.0,0.004658171596050061
277.0,0.004658171596050061
278.0,0.004658171596050071
279.0,0.004658171596050102
280.0,0.004658171596050132
281.0,0.004658171596050162
282.0,0.004658171596050193
283.0,0.004658171596050144
284.0,0.004658171596050054
285.0,0.004658171596049963
286.0,0.004658171596049873
287.0,0.004658171596049782
288.0,0.004658171596049834
289.0,0.0046581715960498935
290.0,0.004658171596049954
291.0,0.004658171596050015
292.0,0.004658171596050061
293.0,0.004658171596050061
294.0,0.004658171596050061
295.0,0.004658171596050061
296.0,0.004658171596050061
297.0,0.004658171596050045
298.0,0.004658171596050015
299.0,0.0046581715960499846
300.0,0.004658171596049954
301.0,0.004658171596049924
302.0,0.004658171596049944
303.0,0.004658171596049974
304.0,0.004658171596050004
305.0,0.004658171596050034
306.0,0.004658171596050057
307.0,0.004658171596050027
308.0,0.004658171596049997
309.0,0.004658171596049966
310.0,0.004658171596049936
311.0,0.004658171596049944
312.0,0.004658171596050004
313.0,0.004658171596050064
314.0,0.004658171596050125
315.0,0.004658171596050186
316.0,0.004658171596050161
317.0,0.0046581715960501
318.0,0.004658171596050039
319.0,0.004658171596049979
320.0,0.004658171596049919
321.0,0.004658171596049919
322.0,0.004658171596049919
323.0,0.004658171596049919
324.0,0.004658171596049919
325.0,0.004658171596049927
326.0,0.004658171596049958
327.0,0.004658171596049988
328.0,0.004658171596050018
329.0,0.004658171596050049
330.0,0.004658171596050061
331.0,0.004658171596050061
332.0,0.004658171596050061
333.0,0.004658171596050061
334.0,0.004658171596050061
335.0,0.004658171596050061
336.0,0.004658171596050061
337.0,0.004658171596050061
338.0,0.004658171596050061
339.0,0.004658171596050056
340.0,0.004658171596050025
341.0,0.004658171596049995
342.0,0.004658171596049965
343.0,0.004658171596049934
344.0,0.004658171596049919
345.0,0.004658171596049919
346.0,0.004658171596049919
347.0,0.004658171596049919
348.0,0.004658171596049919
349.0,0.004658171596049942
350.0,0.0046581715960499715
351.0,0.004658171596050002
352.0,0.004658171596050032
353.0,0.004658171596050061
354.0,0.004658171596050061
355.0,0.004658171596050061
356.0,0.004658171596050061
357.0,0.004658171596050061
358.0,0.004658171596050039
359.0,0.004658171596049979
360.0,0.004658171596049919
361.0,0.004658171596049858
362.0,0.004658171596049798
363.0,0.004658171596049835
364.0,0.004658171596049926
365.0,0.004658171596050017
366.0,0.004658171596050107
367.0,0.004658171596050198
368.0,0.004658171596050146
369.0,0.004658171596050086
370.0,0.004658171596050025
371.0,0.004658171596049965
372.0,0.004658171596049919
373.0,0.004658171596049919
374.0,0.004658171596049919
375.0,0.004658171596049919
376.0,0.004658171596049919
377.0,0.004468435138498943
378.0,0.004110044052013767
379.0,0.00375165296552859
380.0,0.0033932618790434134
381.0,0.003034870792558237
382.0,0.002757773397080627
383.0,0.0024980960782474953
384.0,0.002238418759414353
385.0,0.001978741440581232
386.0,0.0018114208124024723
387.0,0.0023367753641315016
388.0,0.0028621299158605304
389.0,0.0033874844675895596
390.0,0.003912839019318589
391.0,0.004680481015143271
392.0,0.005794247931104603
393.0,0.0069080148470659335
394.0,0.008021781763027265
395.0,0.009135548678988595
396.0,0.010525795355217698
397.0,0.01203124193155837
398.0,0.013536688507899044
399.0,0.015042135084239714
400.0,0.016547581660580388
401.0,0.018247871724499605
402.0,0.019948161788418822
403.0,0.02164845185233804
404.0,0.023348741916257257
405.0,0.02504846347041316
406.0,0.026746820601137117
407.0,0.028445177731861074
408.0,0.03014353486258503
409.0,0.03184189199330899
410.0,0.0336720220748645
411.0,0.03559439322200209
412.0,0.037516764369139685
413.0,0.03943913551627728
414.0,0.04136150666341487
415.0,0.042690189223730475
416.0,0.04393971330580314
417.0,0.0451892373878758
418.0,0.04643876146994847
419.0,0.04745664865188943
420.0,0.047393563633215764
421.0,0.04733047861454209
422.0,0.04726739359586843
423.0,0.047204308577194765
424.0,0.04651900597180281
425.0,0.04513370858135277
426.0,0.04374841119090274
427.0,0.04236311380045271
428.0,0.04097781641000268
429.0,0.039264777819845324
430.0,0.03745089578362419
431.0,0.03563701374740305
432.0,0.03382313171118191
433.0,0.0320201389282897
434.0,0.030391374198660327
435.0,0.028762609469030954
436.0,0.02713384473940158
437.0,0.025505080009772203
438.0,0.023884568880028045
439.0,0.022279189350073447
440.0,0.02067380982011885
441.0,0.01906843029016425
442.0,0.017463050760209653
443.0,0.0159939632450616
444.0,0.014599216828898934
445.0,0.013204470412736268
446.0,0.0118097239965736
447.0,0.010414977580410935
448.0,0.009394749825442762
449.0,0.008397929486799245
450.0,0.00740110914815573
451.0,0.0064042888095122985
452.0,0.0055451457890070555
453.0,0.005133454052451564
454.0,0.004721762315896072
455.0,0.00431007057934058
456.0,0.0038983788427850883
457.0,0.0038955141797812113
458.0,0.004256051359934294
459.0,0.004616588540087438
460.0,0.004977125720240552
461.0,0.005337662900393666
462.0,0.005607408266593084
463.0,0.005857698244088139
464.0,0.0061079882215831945
465.0,0.0063582781990782706
466.0,0.006579122296868004
467.0,0.006579122296868004
468.0,0.006579122296868004
469.0,0.006579122296868004
470.0,0.006579122296868004
471.0,0.006579122296867979
472.0,0.006579122296867919
473.0,0.006579122296867858
474.0,0.006579122296867798
475.0,0.006579122296867738
476.0,0.006579122296867763
477.0,0.0065791222968678235
478.0,0.006579122296867883
479.0,0.006579122296867944
480.0,0.006579122296868004
481.0,0.006579122296868065
482.0,0.0065791222968681244
483.0,0.006579122296868185
484.0,0.006579122296868246
485.0,0.006579122296868253
486.0,0.006579122296868132
487.0,0.006579122296868012
488.0,0.00657912229686789
489.0,0.00657912229686777
490.0,0.00657912229686772
491.0,0.00657912229686772
492.0,0.00657912229686772
493.0,0.00657912229686772
494.0,0.00657912229686772
495.0,0.006579122296867773
496.0,0.006579122296867834
497.0,0.006579122296867894
498.0,0.0065791222968679544
499.0,0.006579122296868004
500.0,0.006579122296868004
501.0,0.006579122296868004
502.0,0.006579122296868004
503.0,0.006579122296868004
504.0,0.006579122296867975
505.0,0.006579122296867915
506.0,0.006579122296867855
507.0,0.006579122296867795
508.0,0.006579122296867734
509.0,0.006579122296867812
510.0,0.006579122296867934
511.0,0.006579122296868054
512.0,0.006579122296868175
513.0,0.006579122296868285
514.0,0.006579122296868224
515.0,0.0065791222968681635
516.0,0.006579122296868104
517.0,0.006579122296868043
518.0,0.006579122296868004
519.0,0.006579122296868004
520.0,0.006579122296868004
521.0,0.006579122296868004
522.0,0.006579122296868004
523.0,0.006579122296867965
524.0,0.006579122296867905
525.0,0.006579122296867844
526.0,0.0065791222968677844
527.0,0.006579122296867724
528.0,0.00657912229686772
529.0,0.00657912229686772
530.0,0.00657912229686772
531.0,0.00657912229686772
532.0,0.006579122296867734
533.0,0.006579122296867795
534.0,0.006579122296867855
535.0,0.006579122296867915
536.0,0.006579122296867975
537.0,0.006579122296868004
538.0,0.006579122296868004
539.0,0.006579122296868004
540.0,0.006579122296868004
541.0,0.006579122296868004
542.0,0.006579122296868004
543.0,0.006579122296868004
544.0,0.006579122296868004
545.0,0.006579122296868004
546.0,0.006579122296868004
547.0,0.006579122296868004
548.0,0.006579122296868004
549.0,0.006579122296868004
550.0,0.006579122296868004
551.0,0.006579122296868004
552.0,0.006579122296868004
553.0,0.006579122296868004
554.0,0.006579122296868004
555.0,0.006579122296868004
556.0,0.006579122296867961
557.0,0.006579122296867901
558.0,0.006579122296867841
559.0,0.00657912229686778
560.0,0.00657912229686772
561.0,0.00657912229686778
562.0,0.006579122296867841
563.0,0.006579122296867901
564.0,0.006579122296867961
565.0,0.0065791222968679865
566.0,0.006579122296867926
567.0,0.006579122296867866
568.0,0.006579122296867805
569.0,0.006579122296867745
570.0,0.006554828378071023
571.0,0.0065135287161166375
572.0,0.006472229054162252
573.0,0.006430929392207867
574.0,0.006389629730253482
575.0,0.006345520216674355
576.0,0.006301036056211922
577.0,0.006256551895749492
578.0,0.006212067735287063
579.0,0.006186759555935835
580.0,0.006250939288436879
581.0,0.006315119020937924
582.0,0.006379298753438964
583.0,0.006443478485940015
584.0,0.006546230462369059
585.0,0.006692376213217102
586.0,0.006838521964065146
587.0,0.006984667714913189
588.0,0.007130813465761233
589.0,0.007319222469465437
590.0,0.007520635550971497
591.0,0.007722048632477575
592.0,0.007923461713983653
593.0,0.008126555316287453
594.0,0.00835653725135483
595.0,0.008586519186422207
596.0,0.008816501121489583
597.0,0.00904648305655696
598.0,0.00927712555441606
599.0,0.009508979084060067
600.0,0.009740832613704052
601.0,0.009972686143348038
602.0,0.010204539672992024
603.0,0.010420330863202102
604.0,0.010627360777357322
605.0,0.010834390691512558
606.0,0.011041420605667762
607.0,0.011248450519822982
608.0,0.01140699428287817
609.0,0.011562507661489608
610.0,0.011718021040101044
611.0,0.011873534418712481
612.0,0.012010645928235716
613.0,0.01208795136322226
614.0,0.012165256798208806
615.0,0.012242562233195364
616.0,0.012319867668181914
617.0,0.012305647236832095
618.0,0.012210070479849946
619.0,0.012114493722867797
620.0,0.012018916965885649
621.0,0.011923340208903508
622.0,0.011601865972768535
623.0,0.011231985133957966
624.0,0.010862104295147395
625.0,0.010492223456336826
626.0,0.010185400516945683
627.0,0.010351511823200236
628.0,0.010517623129454801
629.0,0.01068373443570934
630.0,0.010849845741963892
631.0,0.0111683275197702
632.0,0.011704481399793298
633.0,0.012240635279816399
634.0,0.0127767891598395
635.0,0.0133129430398626
636.0,0.014031818890883316
637.0,0.014826828896486306
638.0,0.015621838902089432
639.0,0.01641684890769249
640.0,0.017211858913295547
641.0,0.018154523165602465
642.0,0.019097187417909382
643.0,0.0200398516702163
644.0,0.020982515922523138
645.0,0.02193590877719337
646.0,0.02291505027753528
647.0,0.02389419177787719
648.0,0.024873333278219095
649.0,0.025852474778561004
650.0,0.0267877199916547
651.0,0.027692237803674725
652.0,0.0285967556156946
653.0,0.02950127342771455
654.0,0.030405791239734498
655.0,0.031146532482376855
656.0,0.031865436849102195
657.0,0.03258434121582754
658.0,0.03330324558255288
659.0,0.03396982546588225
660.0,0.03439222442669702
661.0,0.03481462338751186
662.0,0.03523702234832666
663.0,0.03565942130914146
664.0,0.035890110905341624
665.0,0.0359051274663503
666.0,0.035920144027358984
667.0,0.03593516058836767
668.0,0.03595017714937635
669.0,0.035700055980129014
670.0,0.03536835397080291
671.0,0.0350366519614768
672.0,0.03470494995215069
673.0,0.03439275982572612
674.0,0.03439275982572612
675.0,0.03439275982572612
676.0,0.03439275982572612
677.0,0.03439275982572612
678.0,0.03439275982572612
679.0,0.03439275982572612
680.0,0.03439275982572612
681.0,0.03439275982572612
682.0,0.03439275982572612
683.0,0.03439275982572612
684.0,0.03439275982572612
685.0,0.03439275982572612
686.0,0.03439275982572612
687.0,0.03439275982572612
688.0,0.03439275982572601
689.0,0.034392759825725885
690.0,0.03439275982572577
691.0,0.03439275982572564
692.0,0.03439275982572558
693.0,0.034392759825725705
694.0,0.03439275982572582
695.0,0.03439275982572594
696.0,0.034392759825726066
697.0,0.034392759825726156
698.0,0.03439275982572621
699.0,0.034392759825726274
700.0,0.034392759825726336
701.0,0.03439275982572639
702.0,0.034392759825726406
703.0,0.034392759825726406
704.0,0.034392759825726406
705.0,0.034392759825726406
706.0,0.03439275982572639
707.0,0.034392759825726274
708.0,0.03439275982572615
709.0,0.03439275982572603
710.0,0.034392759825725906
711.0,0.03439275982572584
712.0,0.03439275982572584
713.0,0.03439275982572584
714.0,0.03439275982572584
715.0,0.03439275982572584
716.0,0.03439275982572592
717.0,0.034392759825726045
718.0,0.03439275982572616
719.0,0.03439275982572629
720.0,0.034392759825726406
721.0,0.034392759825726406
722.0,0.034392759825726406
723.0,0.034392759825726406
724.0,0.034392759825726406
725.0,0.03439275982572635
726.0,0.03439275982572617
727.0,0.03439275982572599
728.0,0.03439275982572581
729.0,0.03439275982572563
730.0,0.03439275982572562
731.0,0.03439275982572575
732.0,0.034392759825725865
733.0,0.03439275982572599
734.0,0.03439275982572611
735.0,0.034392759825726225
736.0,0.03439275982572635
737.0,0.03439275982572647
738.0,0.03439275982572659
739.0,0.03439275982572665
740.0,0.034392759825726406
741.0,0.03439275982572616
742.0,0.03439275982572592
743.0,0.03439275982572568
744.0,0.03439275982572561
745.0,0.03439275982572573
746.0,0.03439275982572585
747.0,0.03439275982572597
748.0,0.034392759825726094
749.0,0.03439275982572603
750.0,0.034392759825725906
751.0,0.03439275982572579
752.0,0.03439275982572566
753.0,0.034392759825725566
754.0,0.03439275982572581
755.0,0.03439275982572605
756.0,0.034392759825726295
757.0,0.03439275982572653
758.0,0.03439275982572665
759.0,0.034392759825726524
760.0,0.034392759825726406
761.0,0.03439275982572629
762.0,0.03439275982572616
763.0,0.0343927598257262
764.0,0.03439275982572632
765.0,0.03439275982572644
766.0,0.034392759825726565
767.0,0.03439275982572668
768.0,0.03439275982572646
769.0,0.03439275982572622
770.0,0.03439275982572598
771.0,0.03439275982572574
772.0,0.03439275982572558
773.0,0.034392759825725705
774.0,0.03439275982572582
775.0,0.03439275982572594
776.0,0.034392759825726066
777.0,0.034378674505366795
778.0,0.03435206890024362
779.0,0.03432546329512045
780.0,0.03429885768999728
781.0,0.034272252084874104
782.0,0.03410935064402867
783.0,0.03391724295267131
784.0,0.03372513526131396
785.0,0.0335330275699566
786.0,0.03337319259160513
787.0,0.033455402960797735
788.0,0.033537613329990335
789.0,0.03361982369918294
790.0,0.03370203406837555
791.0,0.03387141542050499
792.0,0.03416532674825847
793.0,0.034459238076011964
794.0,0.03475314940376545
795.0,0.03504706073151894
796.0,0.035446185675305546
797.0,0.03588914962577262
798.0,0.0363321135762397
799.0,0.03677507752670677
800.0,0.03721804147717385
801.0,0.037747412314514214
802.0,0.03827678315185458
803.0,0.03880615398919494
804.0,0.0393355248265353
805.0,0.039871892719593904
806.0,0.040425053546376266
807.0,0.04097821437315863
808.0,0.04153137519994099
809.0,0.04208453602672335
810.0,0.04261488513392078
811.0,0.04312926603740877
812.0,0.04364364694089675
813.0,0.04415802784438474
814.0,0.044672408747872726
815.0,0.044445217498170486
816.0,0.044119149961376225
817.0,0.043793082424581964
818.0,0.0434670148877877
819.0,0.043202471464464924
820.0,0.04322504057067572
821.0,0.04324760967688651
822.0,0.04327017878309731
823.0,0.043292747889308106
824.0,0.0438322818275571
825.0,0.04495340120184908
826.0,0.04607452057614106
827.0,0.047195639950433035
828.0,0.04831675932472501
829.0,0.050472005609480154
830.0,0.05294544478976242
831.0,0.05541888397004469
832.0,0.057892323150326955
833.0,0.060349788500973243
834.0,0.06255167257744383
835.0,0.06475355665391441
836.0,0.066955440730385
837.0,0.06915732480685559
838.0,0.07116632935322298
839.0,0.07282172142773452
840.0,0.07447711350224606
841.0,0.07613250557675762
842.0,0.07778789765126916
843.0,0.07904044696377767
844.0,0.08007326386064817
845.0,0.08110608075751866
846.0,0.08213889765438916
847.0,0.08317171455125966
848.0,0.08354673240153722
849.0,0.08388063781140273
850.0,0.08421454322126824
851.0,0.08454844863113374
852.0,0.08469973634958843
853.0,0.0842575165709579
854.0,0.08381529679232738
855.0,0.08337307701369685
856.0,0.08293085723506632
857.0,0.08203612290932594
858.0,0.08073915343059901
859.0,0.07944218395187207
860.0,0.07814521447314512
861.0,0.0768482449944182
862.0,0.074781242381046
863.0,0.07254923266739267
864.0,0.07031722295373935
865.0,0.06808521324008603
866.0,0.06595317454227813
867.0,0.06457091846331081
868.0,0.06318866238434351
869.0,0.061806406305376205
870.0,0.0604241502264089
871.0,0.059568899652522364
872.0,0.05946651408589407
873.0,0.059364128519265764
874.0,0.05926174295263747
875.0,0.05915935738600917
876.0,0.059677200357822764
877.0,0.060453471887320476
878.0,0.06122974341681818
879.0,0.06200601494631589
880.0,0.0627822864758136
881.0,0.0627822864758136
882.0,0.0627822864758136
883.0,0.0627822864758136
884.0,0.0627822864758136
885.0,0.06278228647581353
886.0,0.06278228647581328
887.0,0.06278228647581305
888.0,0.06278228647581281
889.0,0.06278228647581256
890.0,0.0627822864758126
891.0,0.06278228647581285
892.0,0.06278228647581309
893.0,0.06278228647581334
894.0,0.06278228647581358
895.0,0.0627822864758136
896.0,0.0627822864758136
897.0,0.0627822864758136
898.0,0.0627822864758136
899.0,0.06281028658989139
900.0,0.06296895390299888
901.0,0.06312762121610636
902.0,0.06328628852921382
903.0,0.06344495584232134
904.0,0.06365618359254482
905.0,0.06392654183452383
906.0,0.06419690007650283
907.0,0.06446725831848188
908.0,0.06473761656046084
909.0,0.0645936838742108
910.0,0.06432227705619797
911.0,0.06405087023818515
912.0,0.06377946342017232
913.0,0.06348383465716842
914.0,0.06280065477430721
915.0,0.062117474891446
916.0,0.061434295008584903
917.0,0.06075111512572358
918.0,0.05996843308506582
919.0,0.05900333042178103
920.0,0.05803822775849625
921.0,0.05707312509521147
922.0,0.05610802243192669
923.0,0.05504461169720879
924.0,0.053927578378072834
925.0,0.05281054505893706
926.0,0.051693511739800906
927.0,0.05057647842066494
928.0,0.04943905758950112
929.0,0.048300362538835566
930.0,0.047161667488169814
931.0,0.04602297243750446
932.0,0.04490989727228675
933.0,0.04388008673477456
934.0,0.042850276197262366
935.0,0.04182046565975018
936.0,0.040790655122237986
937.0,0.039887702318621224
938.0,0.03909751194513374
939.0,0.03830732157164638
940.0,0.037517131198158755
941.0,0.03672694082467127
942.0,0.03624180205917306
943.0,0.03582203149538684
944.0,0.035402260931600614
945.0,0.034982490367814395
946.0,0.03462167848685195
947.0,0.03470305672706785
948.0,0.03478443496728374
949.0,0.03486581320749966
950.0,0.034947191447715555
951.0,0.0351230797558594
952.0,0.035433982446757446
953.0,0.035744885137655544
954.0,0.03605578782855353
955.0,0.03636669051945158
956.0,0.03645813248736251
957.0,0.03645813248736215
958.0,0.03645813248736179
959.0,0.03645813248736142
960.0,0.03645813248736106
961.0,0.03645813248736106
962.0,0.03645813248736106
963.0,0.03645813248736106
964.0,0.03645813248736106
965.0,0.03645813248736109
966.0,0.03645813248736122
967.0,0.036458132487361336
968.0,0.036458132487361454
969.0,0.03645813248736158
970.0,0.03645813248736163
971.0,0.03645813248736163
972.0,0.03645813248736163
973.0,0.03645813248736163
974.0,0.03645813248736163
975.0,0.03641583810318925
976.0,0.03636790446779388
977.0,0.036319970832398525
978.0,0.03627203719700316
979.0,0.03623209160619014
980.0,0.03622942355676139
981.0,0.03622675550733264
982.0,0.03622408745790389
983.0,0.03622141940847515
984.0,0.036249300237520155
985.0,0.036311548554848146
986.0,0.03637379687217612
987.0,0.03643604518950411
988.0,0.03649829350683209
989.0,0.03659688704947558
990.0,0.03670666373836999
991.0,0.0368164404272644
992.0,0.036926217116158816
993.0,0.03703776674138073
994.0,0.03717768334784254
995.0,0.037317599954304406
996.0,0.03745751656076624
997.0,0.03759743316722808
998.0,0.0377418509488099
999.0,0.03789452088477837
1000.0,0.0380471908207468
1001.0,0.03819986075671524
1002.0,0.03835253069268369
1003.0,0.038502204752346655
1004.0,0.038650244697661235
1005.0,0.03879828464297579
1006.0,0.038946324588290344
1007.0,0.0390943645336049
1008.0,0.03922168952452058
1009.0,0.03934771983078627
1010.0,0.03947375013705199
1011.0,0.03959978044331771
1012.0,0.0397165433771673
1013.0,0.03980318735066449
1014.0,0.03988983132416167
1015.0,0.03997647529765886
1016.0,0.04006311927115604
1017.0,0.040119712765947425
1018.0,0.040149594724111434
1019.0,0.040179476682275436
1020.0,0.04020935864043944
1021.0,0.04023924059860345
1022.0,0.04020806618493313
1023.0,0.04016380826301262
1024.0,0.0401195503410921
1025.0,0.040075292419171585
1026.0,0.040034518094680026
1027.0,0.04001987075090561
1028.0,0.04000522340713119
1029.0,0.03999057606335678
1030.0,0.03997592871958236
1031.0,0.039967312635009175
1032.0,0.039967312635009175
1033.0,0.039967312635009175
1034.0,0.039967312635009175
1035.0,0.039967312635009175
1036.0,0.03996731263500901
1037.0,0.039967312635008766
1038.0,0.03996731263500852
1039.0,0.03996731263500829
1040.0,0.039967312635008044
1041.0,0.03996731263500829
1042.0,0.03996731263500852
1043.0,0.039967312635008766
1044.0,0.03996731263500901
1045.0,0.039967312635009175
1046.0,0.039967312635009175
1047.0,0.039967312635009175
1048.0,0.039967312635009175
1049.0,0.039967312635009175
1050.0,0.039967312635009175
1051.0,0.039967312635009175
1052.0,0.039967312635009175
1053.0,0.039967312635009175
1054.0,0.039967312635009175
1055.0,0.04001319122744705
1056.0,0.040065186965543315
1057.0,0.04011718270363957
1058.0,0.040169178441735835
1059.0,0.040220011270588815
1060.0,0.04026541718963984
1061.0,0.040310823108690864
1062.0,0.040356229027741886
1063.0,0.04040163494679291
1064.0,0.04038889652128341
1065.0,0.040310745708143324
1066.0,0.040232594895003235
1067.0,0.04015444408186314
1068.0,0.04007629326872305
1069.0,0.039927102551969205
1070.0,0.039756053403334206
1071.0,0.039585004254699206
1072.0,0.03941395510606424
1073.0,0.03923924454915805
1074.0,0.03900595145991331
1075.0,0.03877265837066858
1076.0,0.03853936528142384
1077.0,0.03830607219217906
1078.0,0.03806163164945544
1079.0,0.03779675410868707
1080.0,0.037531876567918704
1081.0,0.03726699902715034
1082.0,0.03700212148638197
1083.0,0.036736651915696736
1084.0,0.0364708594196023
1085.0,0.03620506692350786
1086.0,0.03593927442741338
1087.0,0.035673481931318994
1088.0,0.03543570406282475
1089.0,0.03519967710855551
1090.0,0.03496365015428628
1091.0,0.034727623200017044
1092.0,0.034505820891875996
1093.0,0.034330248683651574
1094.0,0.034154676475427144
1095.0,0.03397910426720275
1096.0,0.03380353205897829
1097.0,0.03374610517430657
1098.0,0.03379369635501503
1099.0,0.03384128753572349
1100.0,0.03388887871643196
1101.0,0.033936469897140414
1102.0,0.03405584787544014
1103.0,0.03419060873893799
1104.0,0.03432536960243585
1105.0,0.03446013046593371
1106.0,0.03456309560186784
1107.0,0.03442759278107406
1108.0,0.034292089960280284
1109.0,0.03415658713948649
1110.0,0.03402108431869273
1111.0,0.03377157527472012
1112.0,0.03335920019763487
1113.0,0.03294682512054963
1114.0,0.032534450043464384
1115.0,0.032122074966379144
1116.0,0.03160690890068769
1117.0,0.031048913256410307
1118.0,0.030490917612133024
1119.0,0.02993292196785555
1120.0,0.02937492632357817
1121.0,0.0287441621620877
1122.0,0.028113398000597232
1123.0,0.027482633839106655
1124.0,0.026851869677616297
1125.0,0.026221144160123378
1126.0,0.025590511388224577
1127.0,0.024959878616325887
1128.0,0.02432924584442698
1129.0,0.02369861307252818
1130.0,0.023110965999942685
1131.0,0.0225534089168765
1132.0,0.02199585183381022
1133.0,0.021438294750744127
1134.0,0.020880737667677944
1135.0,0.02045204620957247
1136.0,0.02004053683479509
1137.0,0.01962902746001771
1138.0,0.01921751808524033
1139.0,0.01884466038396399
1140.0,0.018652177159025837
1141.0,0.018459693934087716
1142.0,0.01826721070914953
1143.0,0.018074727484211375
1144.0,0.01801965078394772
1145.0,0.01811915642394288
1146.0,0.01821866206393804
1147.0,0.0183181677039332
1148.0,0.01841767334392836
1149.0,0.018540850055679285
1150.0,0.018671310174124267
1151.0,0.018801770292569298
1152.0,0.018932230411014304
1153.0,0.019055016404844898
1154.0,0.019055016404844898
1155.0,0.019055016404844898
1156.0,0.019055016404844898
1157.0,0.019055016404844898
1158.0,0.019055016404844898
1159.0,0.019055016404844898
1160.0,0.019055016404844898
1161.0,0.019055016404844898
1162.0,0.019055016404844898
1163.0,0.019055016404845054
1164.0,0.019055016404845294
1165.0,0.019055016404845537
1166.0,0.019055016404845776
1167.0,0.01905501640484602
1168.0,0.019055016404845807
1169.0,0.019055016404845564
1170.0,0.019055016404845325
1171.0,0.019055016404845082
1172.0,0.019055016404844954
1173.0,0.019055016404845197
1174.0,0.019055016404845436
1175.0,0.01905501640484568
1176.0,0.019055016404845918
1177.0,0.019055016404845904
1178.0,0.019055016404845665
1179.0,0.019055016404845422
1180.0,0.019055016404845183
1181.0,0.01905501640484494
1182.0,0.019055016404845096
1183.0,0.01905501640484534
1184.0,0.019055016404845578
1185.0,0.01905501640484582
1186.0,0.019055016404846005
1187.0,0.019055016404845762
1188.0,0.019055016404845523
1189.0,0.01905501640484528
1190.0,0.01905501640484504
1191.0,0.019055016404844898
1192.0,0.019055016404844898
1193.0,0.019055016404844898
1194.0,0.019055016404844898
1195.0,0.019055016404844898
1196.0,0.019040687363656134
1197.0,0.01902038788863871
1198.0,0.01900008841362129
1199.0,0.01897978893860387
1200.0,0.018959489463586447
1201.0,0.01849678212106541
1202.0,0.018034074778544535
1203.0,0.01757136743602358
1204.0,0.017108660093502624
1205.0,0.016823737528691204
1206.0,0.016965498430382666
1207.0,0.01710725933207413
1208.0,0.01724902023376559
1209.0,0.017390781135457053
1210.0,0.017808341534787515
1211.0,0.01841896158246499
1212.0,0.019029581630142574
1213.0,0.019640201677820157
1214.0,0.02025082172549774
1215.0,0.021155398446364913
1216.0,0.022099169390324035
1217.0,0.023042940334283155
1218.0,0.023986711278242274
1219.0,0.024965319352391265
1220.0,0.026106500700760944
1221.0,0.027247682049130428
1222.0,0.028388863397499912
1223.0,0.029530044745869396
1224.0,0.030700271672605785
1225.0,0.0319031748750043
1226.0,0.03310607807740302
1227.0,0.03430898127980174
1228.0,0.03551188448220025
1229.0,0.03665834159742801
1230.0,0.03778743068583366
1231.0,0.038916519774239315
1232.0,0.040045608862644966
1233.0,0.04116239641005782
1234.0,0.04208235930158306
1235.0,0.043002322193108455
1236.0,0.04392228508463385
1237.0,0.044842247976159245
1238.0,0.045640717211459424
1239.0,0.04621644807701338
1240.0,0.04679217894256733
1241.0,0.04736790980812129
1242.0,0.047943640673675146
1243.0,0.048209248721792296
1244.0,0.048305698869489225
1245.0,0.04840214901718615
1246.0,0.04849859916488307
1247.0,0.048595049312580005
1248.0,0.048161309422204195
1249.0,0.04769443265444886
1250.0,0.04722755588669352
1251.0,0.04676067911893826
1252.0,0.046403655708301746
1253.0,0.046403655708301746
1254.0,0.046403655708301746
1255.0,0.046403655708301746
1256.0,0.046403655708301746
1257.0,0.04640365570830187
1258.0,0.04640365570830211
1259.0,0.046403655708302356
1260.0,0.04640365570830259
1261.0,0.046403655708302835
1262.0,0.04640365570830248
1263.0,0.046403655708301995
1264.0,0.04640365570830152
1265.0,0.04640365570830103
1266.0,0.04640365570830066
1267.0,0.04640365570830115
1268.0,0.04640365570830163
1269.0,0.04640365570830211
1270.0,0.04640365570830259
1271.0,0.046403655708302675
1272.0,0.0464036557083022
1273.0,0.04640365570830171
1274.0,0.04640365570830123
1275.0,0.046403655708300746
1276.0,0.046369600591277274
1277.0,0.04632135584216089
1278.0,0.04627311109304451
1279.0,0.04622486634392811
1280.0,0.046176621594811736
1281.0,0.04613397106802866
1282.0,0.04609132054124559
1283.0,0.04604867001446251
1284.0,0.046006019487679434
1285.0,0.045997279258399054
1286.0,0.04606992374312514
1287.0,0.04614256822785121
1288.0,0.04621521271257728
1289.0,0.04628785719730338
1290.0,0.046411494320369374
1291.0,0.046570826290273315
1292.0,0.046730158260177256
1293.0,0.046889490230081196
1294.0,0.047048822199985144
1295.0,0.04725939705483889
1296.0,0.04747680429435262
1297.0,0.04769421153386631
1298.0,0.04791161877338008
1299.0,0.04813422612398039
1300.0,0.04838110065965144
1301.0,0.04862797519532249
1302.0,0.04887484973099358
1303.0,0.04912172426666459
1304.0,0.04936900795159317
1305.0,0.04961675192943648
1306.0,0.04986449590727979
1307.0,0.050112239885123096
1308.0,0.050359983862966404
1309.0,0.05058653349506225
1310.0,0.050806561790005034
1311.0,0.05102659008494786
1312.0,0.0512466183798906
1313.0,0.05146333554260968
1314.0,0.051627074589749467
1315.0,0.051790813636889255
1316.0,0.05195455268402904
1317.0,0.05211829173116883
1318.0,0.052252081348557355
1319.0,0.05233096367806855
1320.0,0.052409846007579725
1321.0,0.05248872833709092
1322.0,0.052567610666602115
1323.0,0.05257309834784769
1324.0,0.05253855258458474
1325.0,0.05250400682132178
1326.0,0.05246946105805883
1327.0,0.05243491529479588
1328.0,0.052381421155359084
1329.0,0.052326742742411426
1330.0,0.05227206432946377
1331.0,0.05221738591651611
1332.0,0.0521755730124972
1333.0,0.052175573012496715
1334.0,0.052175573012496236
1335.0,0.05217557301249575
1336.0,0.05217557301249527
1337.0,0.0521755730124953
1338.0,0.05217557301249578
1339.0,0.052175573012496264
1340.0,0.05217557301249674
1341.0,0.05217557301249723
1342.0,0.05217557301249731
1343.0,0.05217557301249731
1344.0,0.05217557301249731
1345.0,0.05217557301249731
1346.0,0.05217557301249731
1347.0,0.05217557301249731
1348.0,0.05217557301249731
1349.0,0.05217557301249731
1350.0,0.05217557301249731
1351.0,0.052175573012497214
1352.0,0.05217557301249697
1353.0,0.05217557301249673
1354.0,0.05217557301249649
1355.0,0.05217557301249625
1356.0,0.05217557301249635
1357.0,0.05217557301249659
1358.0,0.05217557301249683
1359.0,0.05217557301249707
1360.0,0.05217557301249731
1361.0,0.05217557301249731
1362.0,0.05217557301249731
1363.0,0.05217557301249731
1364.0,0.05217557301249731
1365.0,0.05217557301249724
1366.0,0.052175573012497
1367.0,0.05217557301249676
1368.0,0.05217557301249652
1369.0,0.05217557301249628
1370.0,0.05217557301249618
1371.0,0.05217557301249618
1372.0,0.05217557301249618
1373.0,0.05217557301249618
1374.0,0.05217557301249618
1375.0,0.052045805362596335
1376.0,0.05189873535937646
1377.0,0.051751665356156606
1378.0,0.05160459535293675
1379.0,0.05146026617882677
1380.0,0.05132872754056282
1381.0,0.051197188902298914
1382.0,0.051065650264034985
1383.0,0.05093411162577105
1384.0,0.05096886725539661
1385.0,0.051190703936397845
1386.0,0.051412540617399076
1387.0,0.05163437729840031
1388.0,0.05185621397940154
1389.0,0.05228121862346243
1390.0,0.05276873648692649
1391.0,0.05325625435039046
1392.0,0.053743772213854436
1393.0,0.054241756684533966
1394.0,0.05490720687066246
1395.0,0.05557265705679095
1396.0,0.056238107242919444
1397.0,0.056903557429047937
1398.0,0.05760085029503368
1399.0,0.058356521407424894
1400.0,0.059112192519815976
1401.0,0.05986786363220705
1402.0,0.06062353474459813
1403.0,0.061380898811626956
1404.0,0.062139186308457856
1405.0,0.06289747380528889
1406.0,0.06365576130211992
1407.0,0.06441404879895093
1408.0,0.06509248607183404
1409.0,0.06576593270572038
1410.0,0.06643937933960674
1411.0,0.06711282597349309
1412.0,0.06774576579655757
1413.0,0.06824705848445053
1414.0,0.06874835117234358
1415.0,0.06924964386023663
1416.0,0.0697509365481297
1417.0,0.07011490811886399
1418.0,0.07035681647434607
1419.0,0.07059872482982814
1420.0,0.07084063318531021
1421.0,0.07108254154079224
1422.0,0.07103896634924492
1423.0,0.07093421611190552
1424.0,0.07082946587456611
1425.0,0.07072471563722671
1426.0,0.07061253377682561
1427.0,0.07044461474346206
1428.0,0.07027669571009848
1429.0,0.0701087766767349
1430.0,0.06994085764337132
1431.0,0.06984208174139254
1432.0,0.06984208174139206
1433.0,0.06984208174139157
1434.0,0.0698420817413911
1435.0,0.06984208174139062
1436.0,0.06984208174139081
1437.0,0.0698420817413913
1438.0,0.06984208174139178
1439.0,0.06984208174139225
1440.0,0.06984208174139274
1441.0,0.0698420817413925
1442.0,0.06984208174139225
1443.0,0.06984208174139202
1444.0,0.06984208174139177
1445.0,0.0698420817413916
1446.0,0.0698420817413916
1447.0,0.0698420817413916
1448.0,0.0698420817413916
1449.0,0.0698420817413916
1450.0,0.06984208174139174
1451.0,0.06984208174139199
1452.0,0.06984208174139223
1453.0,0.06984208174139248
1454.0,0.06984208174139271
1455.0,0.06984208174139231
1456.0,0.06984208174139184
1457.0,0.06984208174139135
1458.0,0.06984208174139088
1459.0,0.06984319928797414
1460.0,0.06984953205194826
1461.0,0.06985586481592237
1462.0,0.06986219757989649
1463.0,0.06986853034387061
1464.0,0.06998212379227978
1465.0,0.0702163855106784
1466.0,0.07045064722907701
1467.0,0.07068490894747559
1468.0,0.07091917066587423
1469.0,0.07092328755071006
1470.0,0.07085659064060348
1471.0,0.0707898937304969
1472.0,0.07072319682039033
1473.0,0.07064275200041578
1474.0,0.07034234062255357
1475.0,0.07004192924469135
1476.0,0.0697415178668292
1477.0,0.06944110648896694
1478.0,0.06908191381217402
1479.0,0.06861495542067479
1480.0,0.06814799702917557
1481.0,0.06768103863767626
1482.0,0.0672140802461771
1483.0,0.06668282758306907
1484.0,0.06611650531726532
1485.0,0.06555018305146157
1486.0,0.06498386078565782
1487.0,0.06441753851985407
1488.0,0.06382099652449968
1489.0,0.06322256579604837
1490.0,0.06262413506759718
1491.0,0.062025704339145775
1492.0,0.061435565362796964
1493.0,0.06087237458078127
1494.0,0.06030918379876558
1495.0,0.05974599301674988
1496.0,0.05918280223473419
1497.0,0.05867396703863055
1498.0,0.05821344791889319
1499.0,0.05775292879915591
1500.0,0.05729240967941847
1501.0,0.0568318905596811
1502.0,0.05651149813183899
1503.0,0.05622113285226015
1504.0,0.05593076757268126
1505.0,0.05564040229310247
1506.0,0.05537799416783596
1507.0,0.05532526469991195
1508.0,0.055272535231987927
1509.0,0.055219805764063906
1510.0,0.05516707629613989
1511.0,0.05523335234739156
1512.0,0.05546963628317991
1513.0,0.05570592021896823
1514.0,0.055942204154756626
1515.0,0.05617848809054499
1516.0,0.05622094364232941
1517.0,0.056182637367445526
1518.0,0.056144331092561645
1519.0,0.05610602481767776
1520.0,0.05606771854279388
1521.0,0.05559714954226427
1522.0,0.05512658054173473
1523.0,0.05465601154120503
1524.0,0.054185442540675414
1525.0,0.053902357011564955
1526.0,0.05406923181386048
1527.0,0.05423610661615603
1528.0,0.054402981418451526
1529.0,0.054569856220747046
1530.0,0.055026913797919935
1531.0,0.05568709931750697
1532.0,0.05634728483709401
1533.0,0.05700747035668105
1534.0,0.057667655876268084
1535.0,0.05871401079024305
1536.0,0.05981185495680325
1537.0,0.06090969912336308
1538.0,0.0620075432899231
1539.0,0.0631514307389463
1540.0,0.06451018683946441
1541.0,0.06586894293998251
1542.0,0.06722769904050062
1543.0,0.06858645514101872
1544.0,0.0699008030259797
1545.0,0.07116519166843892
1546.0,0.07242958031089813
1547.0,0.07369396895335736
1548.0,0.07495835759581658
1549.0,0.0760048729975845
1550.0,0.07698435047913971
1551.0,0.07796382796069493
1552.0,0.07894330544225013
1553.0,0.07987781317958645
1554.0,0.08009280500942037
1555.0,0.0803077968392543
1556.0,0.08052278866908823
1557.0,0.08073778049892215
1558.0,0.08069077922477043
1559.0,0.08016345725997837
1560.0,0.07963613529518629
1561.0,0.07910881333039423
1562.0,0.07858149136560216
1563.0,0.07758741724950223
1564.0,0.07633875105087075
1565.0,0.07509008485223927
1566.0,0.07384141865360778
1567.0,0.07259275245497632
1568.0,0.07071742148514493
1569.0,0.06880292396711354
1570.0,0.06688842644908216
1571.0,0.06497392893105078
1572.0,0.06317259655063086
1573.0,0.061739050867448145
1574.0,0.06030550518426544
1575.0,0.05887195950108273
1576.0,0.057438413817900026
1577.0,0.056319712823462646
1578.0,0.05548087377457667
1579.0,0.05464203472569069
1580.0,0.05380319567680471
1581.0,0.052964356627918735
1582.0,0.052693446527862876
1583.0,0.05254423548827062
1584.0,0.052395024448678364
1585.0,0.05224581340908611
1586.0,0.052216056439838225
1587.0,0.053082204998173135
1588.0,0.053948353556508045
1589.0,0.05481450211484296
1590.0,0.05568065067317787
1591.0,0.05646588865300904
1592.0,0.05713554009212058
1593.0,0.05780519153123212
1594.0,0.05847484297034366
1595.0,0.0591444944094552
1596.0,0.05951947866813314
1597.0,0.05977168493496375
1598.0,0.060023891201794355
1599.0,0.060276097468624966
1600.0,0.06052830373545558
1601.0,0.06013348475499034
1602.0,0.0597386657745251
1603.0,0.059343846794059865
1604.0,0.05894902781359462
1605.0,0.058445135698994
1606.0,0.057679468062468424
1607.0,0.056913800425942844
1608.0,0.05614813278941727
1609.0,0.0553824651528917
1610.0,0.054443876774266944
1611.0,0.053384243876172764
1612.0,0.052324610978078584
1613.0,0.051264978079984404
1614.0,0.050205345181890224
1615.0,0.049472566709854705
1616.0,0.04878336882796035
1617.0,0.04809417094606599
1618.0,0.04740497306417163
1619.0,0.04652894040855311
1620.0,0.044781012142221854
1621.0,0.043033083875890596
1622.0,0.041285155609559344
1623.0,0.039537227343228086
1624.0,0.03787819972484189
1625.0,0.036319185335393876
1626.0,0.03476017094594586
1627.0,0.03320115655649786
1628.0,0.031642142167049844
1629.0,0.03052069004206648
1630.0,0.02953387245999531
1631.0,0.02854705487792414
1632.0,0.02756023729585297
1633.0,0.026639579274380258
1634.0,0.026777474222482927
1635.0,0.026915369170585596
1636.0,0.027053264118688265
1637.0,0.027191159066790933
1638.0,0.027269446167308517
1639.0,0.027238452213920118
1640.0,0.027207458260531715
1641.0,0.02717646430714331
1642.0,0.027145470353754912
1643.0,0.027144435986247294
1644.0,0.027159743211038288
1645.0,0.02717505043582928
1646.0,0.027190357660620272
1647.0,0.027205664885411266
1648.0,0.027363060036162904
1649.0,0.02752933568228708
1650.0,0.02769561132841126
1651.0,0.027861886974535434
1652.0,0.028069296441357458
1653.0,0.028410390825447492
1654.0,0.028751485209537526
1655.0,0.02909257959362756
1656.0,0.029433673977717595
1657.0,0.02987992775131223
1658.0,0.03041965653779984
1659.0,0.03095938532428745
1660.0,0.03149911411077506
1661.0,0.03203884289726267
1662.0,0.03276171916691451
1663.0,0.03352384132581583
1664.0,0.03428596348471716
1665.0,0.03504808564361848
1666.0,0.035664335986480125
1667.0,0.035186547709044225
1668.0,0.034708759431608324
1669.0,0.034230971154172424
1670.0,0.03375318287673652
1671.0,0.03307591632599655
1672.0,0.03211368081339362
1673.0,0.031151445300790694
1674.0,0.030189209788187763
1675.0,0.029226974275584836
1676.0,0.029059736296829952
1677.0,0.02922374729051176
1678.0,0.029387758284193564
1679.0,0.02955176927787537
1680.0,0.029715780271557177
1681.0,0.030958991206465027
1682.0,0.03220220214137288
1683.0,0.03344541307628073
1684.0,0.034688624011188586
1685.0,0.035920656215803884
1686.0,0.037125859467717064
1687.0,0.03833106271963024
1688.0,0.03953626597154342
1689.0,0.0407414692234566
1690.0,0.041363544875021495
1691.0,0.041577431206342594
1692.0,0.041791317537663686
1693.0,0.042005203868984785
1694.0,0.04221909020030588
1695.0,0.04142161254080183
1696.0,0.040489286349187754
1697.0,0.039556960157573685
1698.0,0.038624633965959616
1699.0,0.03762150141833125
1700.0,0.03628793920930287
1701.0,0.034954377000274484
1702.0,0.033620814791246095
1703.0,0.032287252582217714
1704.0,0.030774790324561326
1705.0,0.02906106551219844
1706.0,0.027347340699835552
1707.0,0.025633615887472663
1708.0,0.023919891075109775
1709.0,0.022034673962282002
1710.0,0.020096689987772722
1711.0,0.018158706013263446
1712.0,0.016220722038754166
1713.0,0.014344190380052793
1714.0,0.013450895774277884
1715.0,0.012557601168502974
1716.0,0.011664306562728063
1717.0,0.010771011956953153
1718.0,0.0092222255921733
1719.0,0.00647170433588439
1720.0,0.003721183079595477
1721.0,0.0009706618233065664
1722.0,-0.0017798594329823461
1723.0,-0.0040178532771495135
1724.0,-0.00597628671470482
1725.0,-0.007934720152260129
1726.0,-0.009893153589815438
1727.0,-0.011851587027370745
1728.0,-0.014433747176327526
1729.0,-0.0170548902447469
1730.0,-0.019676033313166273
1731.0,-0.022297176381585643
1732.0,-0.024025452767240843
1733.0,-0.02285191243391248
1734.0,-0.021678372100584115
1735.0,-0.020504831767255753
1736.0,-0.019331291433927388
1737.0,-0.01796770826164166
1738.0,-0.016435198121393824
1739.0,-0.014902687981145987
1740.0,-0.01337017784089815
1741.0,-0.011837667700650315
1742.0,-0.01016936171950552
1743.0,-0.008471956629597089
1744.0,-0.006774551539688658
1745.0,-0.005077146449780226
1746.0,-0.0032130288679132844
1747.0,-9.856759635750193e-05
1748.0,0.00301589367519828
1749.0,0.006130354946754063
1750.0,0.009244816218309845
1751.0,0.012952970153141645
1752.0,0.01750925646408204
1753.0,0.022065542775022436
1754.0,0.026621829085962834
1755.0,0.031178115396903232
1756.0,0.03451336117531982
1757.0,0.037339840065184815
1758.0,0.04016631895504981
1759.0,0.04299279784491481
1760.0,0.045819276734779806
1761.0,0.04710940544412803
1762.0,0.04839953415347626
1763.0,0.049689662862824495
1764.0,0.05097979157217272
1765.0,0.0510489616061529
1766.0,0.04818783081924975
1767.0,0.04532670003234661
1768.0,0.042465569245443466
1769.0,0.03960443845854032
1770.0,0.035704642722717034
1771.0,0.03107778152264965
1772.0,0.02645092032258227
1773.0,0.021824059122514887
1774.0,0.0171971979224475
1775.0,0.011587766565242762
1776.0,0.005847325853753039
1777.0,0.00010688514226331672
1778.0,-0.005633555569226404
1779.0,-0.010790036175228113
1780.0,-0.013221369622285751
1781.0,-0.01565270306934339
1782.0,-0.018084036516401027
1783.0,-0.020515369963458666
1784.0,-0.02316509839300606
1785.0,-0.026060521177854425
1786.0,-0.02895594396270279
1787.0,-0.03185136674755115
1788.0,-0.03474678953239952
1789.0,-0.0369408992745495
1790.0,-0.0389192203881769
1791.0,-0.0408975415018043
1792.0,-0.0428758626154317
1793.0,-0.044739047924964755
1794.0,-0.044760060368988296
1795.0,-0.04478107281301184
1796.0,-0.04480208525703538
1797.0,-0.04482309770105892
1798.0,-0.04436066917864997
1799.0,-0.04301193221778145
1800.0,-0.041663195256912935
1801.0,-0.040314458296044416
1802.0,-0.038965721335175896
1803.0,-0.03848969652545822
1804.0,-0.03848969652545919
1805.0,-0.03848969652546015
1806.0,-0.038489696525461116
1807.0,-0.03848969652546208
1808.0,-0.03848969652546123
1809.0,-0.03848969652546026
1810.0,-0.0384896965254593
1811.0,-0.03848969652545833
1812.0,-0.0384790957785753
1813.0,-0.03843404260432553
1814.0,-0.038388989430075744
1815.0,-0.038343936255825994
1816.0,-0.038298883081576224
1817.0,-0.038225740427472614
1818.0,-0.038127629346832254
1819.0,-0.03802951826619186
1820.0,-0.03793140718555153
1821.0,-0.037833296104911165
1822.0,-0.03788384969606449
1823.0,-0.03796626000260216
1824.0,-0.038048670309139845
1825.0,-0.03813108061567752
1826.0,-0.03822968063535333
1827.0,-0.03844970350356501
1828.0,-0.03866972637177684
1829.0,-0.0388897492399886
1830.0,-0.03910977210820035
1831.0,-0.039368785446218184
1832.0,-0.03968349945538743
1833.0,-0.039998213464556905
1834.0,-0.040312927473726265
1835.0,-0.040627641482895625
1836.0,-0.040978902218753756
1837.0,-0.041345390757399
1838.0,-0.041711879296043995
1839.0,-0.042078367834689115
1840.0,-0.042444856373334235
1841.0,-0.042820220096426796
1842.0,-0.04319558381951935
1843.0,-0.04357094754261191
1844.0,-0.043946311265704474
1845.0,-0.044311675037580996
1846.0,-0.04465303892653903
1847.0,-0.04499440281549706
1848.0,-0.04533576670445509
1849.0,-0.04567713059341313
1850.0,-0.045973288312869294
1851.0,-0.04623780171367439
1852.0,-0.04650231511447941
1853.0,-0.04676682851528442
1854.0,-0.04703134191608943
1855.0,-0.04719025039027069
1856.0,-0.04733507820756888
1857.0,-0.04747990602486703
1858.0,-0.04762473384216517
1859.0,-0.04774088098551379
1860.0,-0.04772318498376461
1861.0,-0.04770548898201545
1862.0,-0.047687792980266284
1863.0,-0.047670096978517124
1864.0,-0.04760929923849227
1865.0,-0.04750001204290726
1866.0,-0.047390724847322256
1867.0,-0.04728143765173725
1868.0,-0.04717215045615225
1869.0,-0.04714643582189732
1870.0,-0.04714643582189781
1871.0,-0.047146435821898286
1872.0,-0.04714643582189877
1873.0,-0.04714643582189922
1874.0,-0.04714643582189922
1875.0,-0.04714643582189922
1876.0,-0.04714643582189922
1877.0,-0.04714643582189922
1878.0,-0.04714643582189922
1879.0,-0.04714643582189922
1880.0,-0.04714643582189922
1881.0,-0.04714643582189922
1882.0,-0.04714643582189922
1883.0,-0.04715492154440692
1884.0,-0.047168035842827895
1885.0,-0.04718115014124888
1886.0,-0.04719426443966986
1887.0,-0.04720737873809084
1888.0,-0.047844224049115265
1889.0,-0.0485200525484274
1890.0,-0.04919588104773954
1891.0,-0.049871709547051675
1892.0,-0.05046524760975332
1893.0,-0.05079134175347086
1894.0,-0.0511174358971884
1895.0,-0.05144353004090594
1896.0,-0.051769624184623365
1897.0,-0.0511443115212536
1898.0,-0.04967330391825047
1899.0,-0.048202296315247334
1900.0,-0.046731288712244204
1901.0,-0.045260281109241574
1902.0,-0.04380608723800931
1903.0,-0.04235549630929998
1904.0,-0.040904905380590655
1905.0,-0.03945431445188133
1906.0,-0.03791522421301063
1907.0,-0.03571238914793679
1908.0,-0.03350955408286221
1909.0,-0.031306719017787615
1910.0,-0.02910388395271303
1911.0,-0.0265820130691903
1912.0,-0.02360437673074165
1913.0,-0.020626740392293
1914.0,-0.01764910405384435
1915.0,-0.014671467715395702
1916.0,-0.01229447683397863
1917.0,-0.010167754892991382
1918.0,-0.008041032952004132
1919.0,-0.005914311011017611
1920.0,-0.003787589070029634
1921.0,-0.003306946194364326
1922.0,-0.002826303318699019
1923.0,-0.0023456604430337116
1924.0,-0.0018650175673682397
1925.0,-0.000981595272815172
1926.0,0.00086849762706908
1927.0,0.002718590526953331
1928.0,0.004568683426837583
1929.0,0.006418776326722468
1930.0,0.00738859989852326
1931.0,0.007742234940666707
1932.0,0.008095869982810153
1933.0,0.0084495050249536
1934.0,0.008803140067097046
1935.0,0.0076006161003981465
1936.0,0.006190604265853602
1937.0,0.004780592431309057
1938.0,0.0033705805967645126
1939.0,0.0018873751705552333
1940.0,6.259964991053163e-05
1941.0,-0.00176217587073417
1942.0,-0.0035869513913782463
1943.0,-0.005411726912023573
1944.0,-0.006746955367650748
1945.0,-0.007531443375133203
1946.0,-0.008315931382615657
1947.0,-0.009100419390098381
1948.0,-0.009884907397580567
1949.0,-0.013112500226256981
1950.0,-0.017091817615300767
1951.0,-0.02107113500434455
1952.0,-0.0250504523933897
1953.0,-0.028957634527979073
1954.0,-0.03171065259132102
1955.0,-0.03446367065466296
1956.0,-0.0372166887180049
1957.0,-0.03996970678134684
1958.0,-0.04242888385337826
1959.0,-0.044349352441340376
1960.0,-0.046269821029302494
1961.0,-0.04819028961726461
1962.0,-0.05011075820522673
1963.0,-0.05261908448086013
1964.0,-0.05544806040431423
1965.0,-0.05827703632776736
1966.0,-0.061106012251222426
1967.0,-0.06393498817467652
1968.0,-0.06709414203701287
1969.0,-0.07027393202052937
1970.0,-0.07345372200404694
1971.0,-0.07663351198756235
1972.0,-0.07890389398530012
1973.0,-0.07821870002925702
1974.0,-0.07753350607321392
1975.0,-0.0768483121171706
1976.0,-0.07616311816112774
1977.0,-0.07667333492811276
1978.0,-0.07824613900445611
1979.0,-0.07981894308079945
1980.0,-0.08139174715714279
1981.0,-0.08296455123348614
1982.0,-0.08508085385432898
1983.0,-0.08731362044899314
1984.0,-0.0895463870436573
1985.0,-0.09177915363832147
1986.0,-0.09390522061786093
1987.0,-0.09523104048396504
1988.0,-0.0965568603500687
1989.0,-0.09788268021617327
1990.0,-0.09920850008227738
1991.0,-0.10014712080365684
1992.0,-0.10053259988971537
1993.0,-0.10091807897577403
1994.0,-0.10130355806183242
1995.0,-0.10168903714789093
1996.0,-0.10336190857669658
1997.0,-0.10557119348164684
1998.0,-0.10778047838659788
1999.0,-0.10998976329154739
2000.0,-0.11219904819649766
2001.0,-0.11158659858085071
2002.0,-0.11097414896520376
2003.0,-0.11036169934955681
2004.0,-0.10974924973390986
2005.0,-0.10786794907285595
2006.0,-0.10294140590282705
2007.0,-0.09801486273279476
2008.0,-0.09308831956276417
2009.0,-0.08816177639273358
2010.0,-0.08483445628429505
2011.0,-0.08262659231897174
2012.0,-0.0804187283536469
2013.0,-0.07821086438832282
2014.0,-0.07600300042299873
2015.0,-0.07597843377577075
2016.0,-0.07624497343762233
2017.0,-0.07651151309947372
2018.0,-0.07677805276132522
2019.0,-0.07677453166925054
2020.0,-0.07551072705885367
2021.0,-0.07424692244845638
2022.0,-0.07298311783805995
2023.0,-0.07171931322766309
2024.0,-0.07107245311028679
2025.0,-0.07111965554755861
2026.0,-0.07116685798483043
2027.0,-0.07121406042210224
2028.0,-0.07126126285937406
2029.0,-0.0709321642122721
2030.0,-0.07048728061613169
2031.0,-0.07004239701999143
2032.0,-0.06959751342385118
2033.0,-0.06906323899440159
2034.0,-0.06709871123200355
2035.0,-0.06513418346960416
2036.0,-0.06316965570720545
2037.0,-0.06120512794480674
2038.0,-0.059261504191767136
2039.0,-0.057356204455885254
2040.0,-0.055450904720004676
2041.0,-0.05354560498412345
2042.0,-0.05164030524824222
2043.0,-0.05163957639953859
2044.0,-0.052677704398386725
2045.0,-0.053715832397234146
2046.0,-0.05475396039608193
2047.0,-0.05579208839492971
2048.0,-0.05564097021270506
2049.0,-0.05541552414416338
2050.0,-0.055190078075621714
2051.0,-0.05496463200708004
2052.0,-0.05418133960282939
2053.0,-0.05158504660751992
2054.0,-0.04898875361221133
2055.0,-0.04639246061690275
2056.0,-0.04379616762159417
2057.0,-0.04327944903594505
2058.0,-0.04461124103666122
2059.0,-0.04594303303737693
2060.0,-0.04727482503809265
2061.0,-0.04860661703880836
2062.0,-0.05042576111561677
2063.0,-0.05234933778015788
2064.0,-0.054272914444699644
2065.0,-0.05619649110924141
2066.0,-0.05787670756141277
2067.0,-0.05773172242080615
2068.0,-0.057586737280199536
2069.0,-0.05744175213959292
2070.0,-0.0572967669989863
2071.0,-0.05672934994322844
2072.0,-0.055558458722968794
2073.0,-0.05438756750270915
2074.0,-0.0532166762824495
2075.0,-0.05204578506219026
2076.0,-0.05024427048812768
2077.0,-0.04817999618331445
2078.0,-0.04611572187850122
2079.0,-0.044051447573687987
2080.0,-0.041987173268875466
2081.0,-0.039438201903964534
2082.0,-0.03688923053905431
2083.0,-0.03434025917414408
2084.0,-0.031791287809233855
2085.0,-0.029530502655590533
2086.0,-0.027961364408990136
2087.0,-0.026392226162389204
2088.0,-0.02482308791578827
2089.0,-0.023253949669187337
2090.0,-0.02316695989493501
2091.0,-0.024117474051326703
2092.0,-0.025067988207718397
2093.0,-0.02601850236411009
2094.0,-0.026969016520501786
2095.0,-0.026571274818613808
2096.0,-0.025993765668955206
2097.0,-0.025416256519296604
2098.0,-0.024838747369638196
2099.0,-0.024402272740812418
2100.0,-0.024623959209207603
2101.0,-0.02484564567760279
2102.0,-0.025067332145997975
2103.0,-0.025289018614393085
2104.0,-0.02598563117637901
2105.0,-0.027216535593654355
2106.0,-0.0284474400109297
2107.0,-0.029678344428205043
2108.0,-0.03090924884548081
2109.0,-0.03316792490002057
2110.0,-0.035742838381411485
2111.0,-0.03831775186280239
2112.0,-0.040892665344193294
2113.0,-0.04344153582406219
2114.0,-0.04557371827957884
2115.0,-0.047705900735095494
2116.0,-0.04983808319061215
2117.0,-0.0519702656461288
2118.0,-0.05393187910322012
2119.0,-0.055580782729865
2120.0,-0.05722968635650988
2121.0,-0.05887858998315419
2122.0,-0.060527493609799636
2123.0,-0.0623401969931317
2124.0,-0.06424224569829314
2125.0,-0.06614429440345458
2126.0,-0.06804634310861536
2127.0,-0.06994839181377745
2128.0,-0.07122191099243251
2129.0,-0.07245614707568092
2130.0,-0.07369038315892933
2131.0,-0.07492461924217815
2132.0,-0.07582580310219844
2133.0,-0.07564456723672913
2134.0,-0.07546333137125982
2135.0,-0.07528209550579051
2136.0,-0.0751008596403212
2137.0,-0.07387388759860997
2138.0,-0.07171737228912814
2139.0,-0.0695608569796463
2140.0,-0.06740434167016446
2141.0,-0.06524782636068262
2142.0,-0.06106655592220056
2143.0,-0.05645140938464703
2144.0,-0.051836262847095076
2145.0,-0.047221116309539964
2146.0,-0.04276219258607987
2147.0,-0.039474939968320605
2148.0,-0.03618768735056133
2149.0,-0.03290043473280094
2150.0,-0.029613182115042793
2151.0,-0.02672569272240733
2152.0,-0.024409293651377315
2153.0,-0.0220928945803473
2154.0,-0.01977649550931649
2155.0,-0.01746009643828727
2156.0,-0.01601620884910892
2157.0,-0.014935867710702098
2158.0,-0.013855526572295275
2159.0,-0.012775185433888453
2160.0,-0.01169484429548163
2161.0,-0.010598662803036877
2162.0,-0.009502481310592125
2163.0,-0.008406299818147372
2164.0,-0.007310118325702619
2165.0,-0.00682842626529753
2166.0,-0.007821508841787634
2167.0,-0.008814591418277399
2168.0,-0.009807673994767844
2169.0,-0.010800756571257949
2170.0,-0.01201936470303049
2171.0,-0.01339584072350074
2172.0,-0.01477231674397146
2173.0,-0.016148792764441238
2174.0,-0.017525268784911487
2175.0,-0.017991159014262636
2176.0,-0.0183356378047979
2177.0,-0.018680116595333286
2178.0,-0.019024595385868436
2179.0,-0.019041850154218203
2180.0,-0.0175320594857023
2181.0,-0.016022268817186398
2182.0,-0.014512478148670497
2183.0,-0.013002687480154596
2184.0,-0.011129850518186366
2185.0,-0.008848586476084264
2186.0,-0.006567322433982165
2187.0,-0.004286058391880065
2188.0,-0.0020047943497779643
2189.0,0.0005335216998542105
2190.0,0.0031509306748793587
2191.0,0.0057683396499063
2192.0,0.008385748624932344
2193.0,0.01094443587068378
2194.0,0.012563575448041502
2195.0,0.014182715025399778
2196.0,0.015801854602756946
2197.0,0.01742099418011467
2198.0,0.018743255849748248
2199.0,0.019521241355220903
2200.0,0.020299226860693822
2201.0,0.02107721236616621
2202.0,0.021855197871638865
2203.0,0.022072853614209652
2204.0,0.021984874940652148
2205.0,0.02189689626709464
2206.0,0.021808917593537137
2207.0,0.02172093891997963
2208.0,0.020652633388435614
2209.0,0.019523057428267435
2210.0,0.01839348146809926
2211.0,0.017263905507931086
2212.0,0.015844326072014785
2213.0,0.013482235339917898
2214.0,0.011120144607819394
2215.0,0.008758053875721695
2216.0,0.006395963143623999
2217.0,0.004705446325148477
2218.0,0.003611884096558957
2219.0,0.002518321867970186
2220.0,0.0014247596393810406
2221.0,0.0003311974107918954
2222.0,0.00013448056334111976
2223.0,0.0001299448689914226
2224.0,0.00012540917464172856
2225.0,0.00012087348029203294
2226.0,0.000274688089003284
2227.0,0.001616129970671635
2228.0,0.0029575718523399863
2229.0,0.004299013734008337
2230.0,0.0056404556156766875
2231.0,0.006112850729463213
2232.0,0.005343750460560513
2233.0,0.004574650191658075
2234.0,0.003805549922755638
2235.0,0.003036449653853201
2236.0,0.0016107950578238826
2237.0,-8.842384117637575e-05
2238.0,-0.0017876427401760523
2239.0,-0.003486861639175728
2240.0,-0.0051860805381754044
2241.0,-0.007149253412534002
2242.0,-0.009112426286891255
2243.0,-0.011075599161249181
2244.0,-0.013038772035607106
2245.0,-0.01501971298997969
2246.0,-0.01704329733638815
2247.0,-0.01906688168279522
2248.0,-0.021090466029202986
2249.0,-0.023114050375610748
2250.0,-0.025053532592311918
2251.0,-0.02693414331821847
2252.0,-0.02881475404412502
2253.0,-0.030695364770031573
2254.0,-0.03257597549593748
2255.0,-0.03415138121032826
2256.0,-0.03568609292318288
2257.0,-0.0372208046360375
2258.0,-0.038755516348892106
2259.0,-0.04019347123755761
2260.0,-0.04117989428000948
2261.0,-0.04216631732246102
2262.0,-0.04315274036491255
2263.0,-0.04413916340736408
2264.0,-0.04477243526136428
2265.0,-0.045008412028356454
2266.0,-0.04524438879534872
2267.0,-0.04548036556234098
2268.0,-0.04571634232933324
2269.0,-0.045239189042696915
2270.0,-0.044542611124175416
2271.0,-0.04384603320565368
2272.0,-0.043149455287131946
2273.0,-0.04242801969821746
2274.0,-0.04130886138301901
2275.0,-0.040189703067820555
2276.0,-0.0390705447526221
2277.0,-0.03795138643742403
2278.0,-0.037322172807370546
2279.0,-0.03759119110008391
2280.0,-0.03786020939279727
2281.0,-0.03812922768551063
2282.0,-0.0383982459782239
2283.0,-0.038581354337125034
2284.0,-0.03871760273212844
2285.0,-0.03885385112713184
2286.0,-0.038990099522135245
2287.0,-0.0391263479171387
2288.0,-0.0391343625286099
2289.0,-0.03913436252861038
2290.0,-0.03913436252861086
2291.0,-0.03913436252861135
2292.0,-0.039134362528611716
2293.0,-0.039134362528611716
2294.0,-0.039134362528611716
2295.0,-0.039134362528611716
2296.0,-0.039134362528611716
2297.0,-0.039134362528611716
2298.0,-0.039134362528611716
2299.0,-0.039134362528611716
2300.0,-0.039134362528611716
2301.0,-0.039134362528611716
2302.0,-0.038980982667484454
2303.0,-0.038794735693258496
2304.0,-0.03860848871903254
2305.0,-0.03842224174480664
2306.0,-0.03820421377337761
2307.0,-0.037747828322926086
2308.0,-0.03729144287247456
2309.0,-0.03683505742202304
2310.0,-0.03637867197157135
2311.0,-0.03616788103396184
2312.0,-0.03630793940041195
2313.0,-0.03644799776686206
2314.0,-0.03658805613331218
2315.0,-0.03672811449976229
2316.0,-0.0382209436268687
2317.0,-0.0402774272375819
2318.0,-0.0423339108482951
2319.0,-0.044390394459008296
2320.0,-0.046446878069721496
2321.0,-0.047954616548098045
2322.0,-0.04946235502647459
2323.0,-0.05097009350485062
2324.0,-0.05247783198322768
2325.0,-0.05376363929278101
2326.0,-0.054516811797158615
2327.0,-0.055269984301536214
2328.0,-0.05602315680591356
2329.0,-0.05677632931029142
2330.0,-0.05712489440239553
2331.0,-0.0571902343059082
2332.0,-0.05725557420942087
2333.0,-0.05732091411293357
2334.0,-0.05738625401644622
2335.0,-0.05690290292502477
2336.0,-0.056346393034278776
2337.0,-0.05578988314353278
2338.0,-0.05523337325278679
2339.0,-0.05457867008913998
2340.0,-0.05346573165195606
2341.0,-0.05235279321477214
2342.0,-0.05123985477758822
2343.0,-0.050126916340404296
2344.0,-0.04878279482309412
2345.0,-0.04717859234064189
2346.0,-0.04557438985819021
2347.0,-0.043970187375737435
2348.0,-0.042365984893285205
2349.0,-0.040435991788160715
2350.0,-0.038405755414521674
2351.0,-0.03637551904088333
2352.0,-0.0343452826672436
2353.0,-0.03232156365262212
2354.0,-0.03040212238228152
2355.0,-0.028482681111940918
2356.0,-0.02656323984159966
2357.0,-0.02464379857125972
2358.0,-0.02318861788925914
2359.0,-0.022584581619215265
2360.0,-0.02198054534917139
2361.0,-0.021376509079127512
2362.0,-0.020772472809083637
2363.0,-0.021210214093832447
2364.0,-0.02221619768119545
2365.0,-0.023222181268558455
2366.0,-0.02422816485592146
2367.0,-0.025234148443284463
2368.0,-0.02539512864397571
2369.0,-0.025503296132999932
2370.0,-0.025611463622024228
2371.0,-0.025719631111048486
2372.0,-0.02580234742618474
2373.0,-0.025802347426184983
2374.0,-0.025802347426185222
2375.0,-0.025802347426185465
2376.0,-0.025802347426185705
2377.0,-0.02580234742618582
2378.0,-0.02580234742618582
2379.0,-0.02580234742618582
2380.0,-0.02580234742618582
2381.0,-0.02580234742618582
2382.0,-0.02580234742618582
2383.0,-0.02580234742618582
2384.0,-0.02580234742618582
2385.0,-0.02580234742618582
2386.0,-0.025802347426185847
2387.0,-0.02580234742618609
2388.0,-0.025802347426186333
2389.0,-0.025802347426186572
2390.0,-0.025802347426186815
2391.0,-0.02580234742618676
2392.0,-0.025802347426186277
2393.0,-0.02580234742618579
2394.0,-0.02580234742618531
2395.0,-0.025802347426184827
2396.0,-0.025802347426184685
2397.0,-0.025802347426184685
2398.0,-0.025802347426184685
2399.0,-0.025802347426184685
2400.0,-0.025802347426184685
2401.0,-0.025802347426185167
2402.0,-0.02580234742618565
2403.0,-0.025802347426186135
2404.0,-0.025802347426186617
2405.0,-0.025802347426186815
2406.0,-0.025802347426186333
2407.0,-0.02580234742618585
2408.0,-0.025802347426185368
2409.0,-0.025802347426184882
2410.0,-0.02580234742618497
2411.0,-0.02580234742618545
2412.0,-0.025802347426185934
2413.0,-0.025802347426186416
2414.0,-0.0258023474261869
2415.0,-0.02580234742618653
2416.0,-0.025802347426186048
2417.0,-0.025802347426185566
2418.0,-0.025802347426185084
2419.0,-0.02582616698471191
2420.0,-0.025961144483032907
2421.0,-0.02609612198135381
2422.0,-0.02623109947967476
2423.0,-0.026366076977995707
2424.0,-0.02645054768909955
2425.0,-0.026478198264584155
2426.0,-0.02650584884006874
2427.0,-0.02653349941555333
2428.0,-0.026561149991037925
2429.0,-0.02642976336556273
2430.0,-0.026249442216715296
2431.0,-0.026069121067867865
2432.0,-0.02588879991902043
2433.0,-0.025692668173712855
2434.0,-0.02524356688504305
2435.0,-0.02479446559637325
2436.0,-0.024345364307703447
2437.0,-0.023896263019033644
2438.0,-0.02362084090469435
2439.0,-0.02366383060996105
2440.0,-0.023706820315227736
2441.0,-0.023749810020494422
2442.0,-0.023792799725761104
2443.0,-0.023825602169649948
2444.0,-0.023852847925514495
2445.0,-0.02388009368137905
2446.0,-0.023907339437243602
2447.0,-0.023934585193108156
2448.0,-0.023079079271265634
2449.0,-0.022168401369567065
2450.0,-0.02125772346786818
2451.0,-0.0203470455661693
2452.0,-0.01911878972542405
2453.0,-0.016858405582778107
2454.0,-0.014598021440132166
2455.0,-0.012337637297486222
2456.0,-0.010077253154841053
2457.0,-0.007851305796299508
2458.0,-0.00565596891251889
2459.0,-0.003460632028738272
2460.0,-0.001265295144957654
2461.0,0.000930041738822213
2462.0,0.0022284832588543185
2463.0,0.0033347329152251153
2464.0,0.0044409825715959125
2465.0,0.00554723222796671
2466.0,0.006528716241931274
2467.0,0.0065744579378489406
2468.0,0.006620199633766623
2469.0,0.006665941329684305
2470.0,0.006711683025601987
2471.0,0.006473107353411188
2472.0,0.005828364012494744
2473.0,0.0051836206715780795
2474.0,0.004538877330661415
2475.0,0.00389413398974475
2476.0,0.0028229143778073815
2477.0,0.0015739963196113867
2478.0,0.00032507826141539185
2479.0,-0.0009238397967801749
2480.0,-0.0021727578549765973
2481.0,-0.004004010754892092
2482.0,-0.005835263654807587
2483.0,-0.007666516554723082
2484.0,-0.009497769454637948
2485.0,-0.011561448353004733
2486.0,-0.014182949647652484
2487.0,-0.016804450942300236
2488.0,-0.019425952236947985
2489.0,-0.022047453531596633
2490.0,-0.024370954576409753
2491.0,-0.02648585544634015
2492.0,-0.02860075631627055
2493.0,-0.03071565718620095
2494.0,-0.032830558056132074
2495.0,-0.033679795661475095
2496.0,-0.034360278164873956
2497.0,-0.03504076066827281
2498.0,-0.03572124317167167
2499.0,-0.03612173525125935
2500.0,-0.03521560535306154
2501.0,-0.034309475454863736
2502.0,-0.03340334555666624
2503.0,-0.03249721565846812
2504.0,-0.0318093925428197
2505.0,-0.03136716455753933
2506.0,-0.030924936572258966
2507.0,-0.030482708586978748
2508.0,-0.03004048060169823
2509.0,-0.030256659125690248
2510.0,-0.030675424267919926
2511.0,-0.0310941894101496
2512.0,-0.03151295455237942
2513.0,-0.03195091213470239
2514.0,-0.032695948758520506
2515.0,-0.033440985382338625
2516.0,-0.03418602200615674
2517.0,-0.03493105862997486
2518.0,-0.0357492861082627
2519.0,-0.03670169681974507
2520.0,-0.03765410753122743
2521.0,-0.038606518242709796
2522.0,-0.03955892895419216
2523.0,-0.040568623669532136
2524.0,-0.04160956420515809
2525.0,-0.04265050474078368
2526.0,-0.04369144527640999
2527.0,-0.04473238581203594
2528.0,-0.04574493039998075
2529.0,-0.046755700241195505
2530.0,-0.047766470082409904
2531.0,-0.048777239923624996
2532.0,-0.049815512186460444
2533.0,-0.05094316731956318
2534.0,-0.052070822452665914
2535.0,-0.05319847758576904
2536.0,-0.05432613271887139
2537.0,-0.054947264690878794
2538.0,-0.05511815385302368
2539.0,-0.05528904301516858
2540.0,-0.055459932177313466
2541.0,-0.05563082133945836
2542.0,-0.05651708578033081
2543.0,-0.057556644923787745
2544.0,-0.058596204067244674
2545.0,-0.0596357632107016
2546.0,-0.06045337301084399
2547.0,-0.059606362736127294
2548.0,-0.05875935246141089
2549.0,-0.05791234218669391
2550.0,-0.05706533191197721
2551.0,-0.05568945730276975
2552.0,-0.053558062215718336
2553.0,-0.051426667128667655
2554.0,-0.04929527204161551
2555.0,-0.047163876954564095
2556.0,-0.04555618310790906
2557.0,-0.044166698111419184
2558.0,-0.042777213114928825
2559.0,-0.041387728118439424
2560.0,-0.039998243121949544
2561.0,-0.0392215495090341
2562.0,-0.038444855896118665
2563.0,-0.03766816228320322
2564.0,-0.03689146867028779
2565.0,-0.03628810388492913
2566.0,-0.03610072828570678
2567.0,-0.03591335268648443
2568.0,-0.03572597708726207
2569.0,-0.035538601488039716
2570.0,-0.03568382042765597
2571.0,-0.03606185554445912
2572.0,-0.036439890661262526
2573.0,-0.03681792577806581
2574.0,-0.03719596089486908
2575.0,-0.03805149468451801
2576.0,-0.03897069496387937
2577.0,-0.03988989524324136
2578.0,-0.040809095522603034
2579.0,-0.04181945314343228
2580.0,-0.04325521169111017
2581.0,-0.044690970238788555
2582.0,-0.046126728786465954
2583.0,-0.047562487334143845
2584.0,-0.04891370249211266
2585.0,-0.050169806336658775
2586.0,-0.05142591018120489
2587.0,-0.052682014025751
2588.0,-0.05393811787029711
2589.0,-0.05655543697860412
2590.0,-0.05959159155268372
2591.0,-0.0626277461267633
2592.0,-0.06566390070084291
2593.0,-0.06851040288349079
2594.0,-0.06832246680323147
2595.0,-0.06813453072297201
2596.0,-0.06794659464271263
2597.0,-0.06775865856245324
2598.0,-0.06695638011694982
2599.0,-0.06502780733516501
2600.0,-0.06309923455338153
2601.0,-0.06117066177159738
2602.0,-0.05924208898981323
2603.0,-0.057449341213901134
2604.0,-0.05573067980482775
2605.0,-0.05401201839575554
2606.0,-0.05229335698668275
2607.0,-0.050574695577609956
2608.0,-0.048429071246586936
2609.0,-0.046256761732942034
2610.0,-0.044084452219297125
2611.0,-0.04191214270565222
2612.0,-0.039722587533298874
2613.0,-0.0374769839701431
2614.0,-0.03523138040698733
2615.0,-0.03298577684383156
2616.0,-0.03074017328067579
2617.0,-0.028474228726415748
2618.0,-0.026190203291171863
2619.0,-0.023906177855928766
2620.0,-0.021622152420685666
2621.0,-0.019338126985442565
2622.0,-0.016567301111988432
2623.0,-0.013692160858919826
2624.0,-0.010817020605850238
2625.0,-0.00794188035278065
2626.0,-0.005236009160474574
2627.0,-0.0037996559238943368
2628.0,-0.0023633026873150827
2629.0,-0.000926949450735336
2630.0,0.0005094037858444098
2631.0,0.0010828610383167708
2632.0,0.0004236097420642971
2633.0,-0.00023564155418817666
2634.0,-0.0008948928504406504
2635.0,-0.0015541441466931244
2636.0,-0.0029550184449535304
2637.0,-0.004664902327383908
2638.0,-0.006374786209814285
2639.0,-0.008084670092244662
2640.0,-0.009794553974674455
2641.0,-0.011606793102666078
2642.0,-0.013419032230657114
2643.0,-0.01523127135864815
2644.0,-0.01704351048663919
2645.0,-0.01898225122589609
2646.0,-0.021224595832187693
2647.0,-0.023466940438480063
2648.0,-0.025709285044772434
2649.0,-0.027951629651064805
2650.0,-0.030280115686593764
2651.0,-0.03266890072258613
2652.0,-0.03505768575857931
2653.0,-0.037446470794572494
2654.0,-0.03983525583056567
2655.0,-0.04205005365540967
2656.0,-0.04424165318543378
2657.0,-0.04643325271545788
2658.0,-0.048624852245481985
2659.0,-0.0507411456094676
2660.0,-0.05250601019860693
2661.0,-0.05427087478774626
2662.0,-0.05603573937688559
2663.0,-0.05780060396602432
2664.0,-0.059282488554960586
2665.0,-0.06044602064366712
2666.0,-0.06160955273237366
2667.0,-0.0627730848210802
2668.0,-0.06393661690978714
2669.0,-0.06371452011619239
2670.0,-0.06306607597419776
2671.0,-0.06241763183220314
2672.0,-0.06176918769020852
2673.0,-0.061110895260791026
2674.0,-0.060295030232612665
2675.0,-0.05947916520443402
2676.0,-0.05866330017625538
2677.0,-0.05784743514807674
2678.0,-0.05749368824618464
2679.0,-0.0579871579091512
2680.0,-0.05848062757211777
2681.0,-0.058974097235084164
2682.0,-0.0594675668980509
2683.0,-0.059241222822397
2684.0,-0.05862225307113195
2685.0,-0.05800328331986689
2686.0,-0.057384313568602054
2687.0,-0.056765343817336784
2688.0,-0.056372375597300725
2689.0,-0.05599353247296647
2690.0,-0.05561468934863222
2691.0,-0.05523584622429784
2692.0,-0.0547822468499532
2693.0,-0.05408568966307421
2694.0,-0.05338913247619523
2695.0,-0.05269257528931624
2696.0,-0.05199601810243702
2697.0,-0.05122907574733995
2698.0,-0.0503995687982708
2699.0,-0.04957006184920165
2700.0,-0.04874055490013251
2701.0,-0.04791104795106336
2702.0,-0.04709300754032798
2703.0,-0.046277424244949836
2704.0,-0.04546184094957197
2705.0,-0.044646257654193555
2706.0,-0.043874296642856726
2707.0,-0.04342950276182973
2708.0,-0.04298470888080274
2709.0,-0.0425399149997759
2710.0,-0.04209512111874875
2711.0,-0.04152989823311959
2712.0,-0.04079263391234445
2713.0,-0.04005536959156932
2714.0,-0.039318105270793935
2715.0,-0.038580840950019055
2716.0,-0.03720722950404228
2717.0,-0.035568473422564834
2718.0,-0.03392971734108738
2719.0,-0.03229096125960937
2720.0,-0.030652205178132476
2721.0,-0.02978734706536582
2722.0,-0.028922488952599162
2723.0,-0.028057630839832506
2724.0,-0.02719277272706585
2725.0,-0.027130054647271612
2726.0,-0.028992472646611187
2727.0,-0.030854890645950123
2728.0,-0.032717308645290336
2729.0,-0.03457972664462991
2730.0,-0.036061285152426056
2731.0,-0.03727624201614181
2732.0,-0.03849119887985715
2733.0,-0.03970615574357332
2734.0,-0.040921112607289076
2735.0,-0.04159079272440818
2736.0,-0.042187769275314396
2737.0,-0.04278474582622082
2738.0,-0.043381722377126834
2739.0,-0.04392387289160235
2740.0,-0.04421016856940129
2741.0,-0.044496464247200225
2742.0,-0.044782759924999166
2743.0,-0.0450690556027981
2744.0,-0.0449001152203541
2745.0,-0.04421903427013679
2746.0,-0.043537953319919484
2747.0,-0.04285687236970218
2748.0,-0.042175791419484875
2749.0,-0.04091371842379383
2750.0,-0.03947287864488059
2751.0,-0.03803203886596636
2752.0,-0.03659119908705262
2753.0,-0.03511787257151137
2754.0,-0.03312475826992978
2755.0,-0.031131643968348867
2756.0,-0.029138529666766597
2757.0,-0.027145415365185006
2758.0,-0.024829155120495282
2759.0,-0.021920460646773977
2760.0,-0.019011766173051677
2761.0,-0.016103071699331367
2762.0,-0.013194377225610064
2763.0,-0.01038285984205751
2764.0,-0.007624348144051547
2765.0,-0.004865836446045583
2766.0,-0.0021073247480396205
2767.0,0.0006511869499663432
2768.0,0.002242779344175534
2769.0,0.003761439281897427
2770.0,0.005280099219619319
2771.0,0.006798759157341213
2772.0,0.008011432596803444
2773.0,0.008229649916921695
2774.0,0.008447867237040097
2775.0,0.008666084557158423
2776.0,0.00888430187727675
2777.0,0.00907484762243559
2778.0,0.00924079641207483
2779.0,0.009406745201714183
2780.0,0.00957269399135348
2781.0,0.009738642780992776
2782.0,0.009767694412495176
2783.0,0.009767410938682523
2784.0,0.009767127464869872
2785.0,0.009766843991057221
2786.0,0.00972626041981149
2787.0,0.00938342611781766
2788.0,0.009040591815823831
2789.0,0.00869775751383
2790.0,0.00835492321183617
2791.0,0.008153255975369362
2792.0,0.008153255975369724
2793.0,0.008153255975370087
2794.0,0.00815325597537045
2795.0,0.008153255975370812
2796.0,0.008153255975370833
2797.0,0.008153255975370711
2798.0,0.00815325597537059
2799.0,0.00815325597537047
2800.0,0.008153255975370349
2801.0,0.008153255975370227
2802.0,0.008153255975370107
2803.0,0.008153255975369986
2804.0,0.008153255975369865
2805.0,0.00815325597536985
2806.0,0.008153255975370092
2807.0,0.008153255975370335
2808.0,0.008153255975370576
2809.0,0.008153255975370819
2810.0,0.008153255975370846
2811.0,0.008153255975370725
2812.0,0.008153255975370605
2813.0,0.008153255975370484
2814.0,0.008153255975370362
2815.0,0.008586158110103227
2816.0,0.009076780529467155
2817.0,0.009567402948831084
2818.0,0.010058025368195013
2819.0,0.010443373080261758
2820.0,0.010337438824941415
2821.0,0.010231504569621106
2822.0,0.010125570314300798
2823.0,0.01001963605898049
2824.0,0.009679394342126701
2825.0,0.009075556731048394
2826.0,0.008471719119969879
2827.0,0.007867881508891365
2828.0,0.00726404389781285
2829.0,0.006387193804616248
2830.0,0.005426339870768686
2831.0,0.004465485936920794
2832.0,0.0035046320030729036
2833.0,0.0024947722723199545
2834.0,0.0007008197910860767
2835.0,-0.001093132690147801
2836.0,-0.002887085171381678
2837.0,-0.004681037652615556
2838.0,-0.006372910016615866
2839.0,-0.0078776354990213
2840.0,-0.009382360981426736
2841.0,-0.010887086463832171
2842.0,-0.012391811946237091
2843.0,-0.013136576338861025
2844.0,-0.013466816500694251
2845.0,-0.01379705666252748
2846.0,-0.014127296824360706
2847.0,-0.014457536986194047
2848.0,-0.013653020729326875
2849.0,-0.01277758219629105
2850.0,-0.011902143663255224
2851.0,-0.011026705130219397
2852.0,-0.009972806145479551
2853.0,-0.008338910692704572
2854.0,-0.006705015239929035
2855.0,-0.005071119787153498
2856.0,-0.003437224334377961
2857.0,-0.0015586413067380305
2858.0,0.0005374417874480252
2859.0,0.002633524881634081
2860.0,0.004729607975820137
2861.0,0.006825691070006194
2862.0,0.009244268495412045
2863.0,0.011731951848936422
2864.0,0.014219635202460803
2865.0,0.016707318555984327
2866.0,0.019086915138646954
2867.0,0.020655860939839198
2868.0,0.02222480674103144
2869.0,0.023793752542223684
2870.0,0.02536269834341646
2871.0,0.02695425931742786
2872.0,0.028578127681182217
2873.0,0.03020199604493657
2874.0,0.031825864408690924
2875.0,0.03344973277244583
2876.0,0.033366731691548884
2877.0,0.03257253500871468
2878.0,0.03177833832588047
2879.0,0.030984141643046265
2880.0,0.03018994496021206
2881.0,0.027874985169445022
2882.0,0.02556002537867799
2883.0,0.02324506558791095
2884.0,0.020930105797143918
2885.0,0.01891693515872642
2886.0,0.017628058485947826
2887.0,0.016339181813169228
2888.0,0.015050305140391074
2889.0,0.013761428467612035
2890.0,0.013226303405913287
2891.0,0.013218804471970434
2892.0,0.013211305538027579
2893.0,0.013203806604084722
2894.0,0.01319630767014187
2895.0,0.013575362170733869
2896.0,0.014005957129263847
2897.0,0.014436552087793826
2898.0,0.014867147046323954
2899.0,0.01580810361948334
2900.0,0.019130747727580794
2901.0,0.022453391835678252
2902.0,0.025776035943775706
2903.0,0.02909868005187316
2904.0,0.03156065195789818
2905.0,0.033054367636591704
2906.0,0.034548083315284715
2907.0,0.03604179899397875
2908.0,0.03753551467267228
2909.0,0.03785517987090028
2910.0,0.03781359876744658
2911.0,0.03777201766399289
2912.0,0.03773043656053918
2913.0,0.037567395538056596
2914.0,0.03546099581111188
2915.0,0.03335459608416717
2916.0,0.03124819635722173
2917.0,0.029141796630277737
2918.0,0.026950238092684597
2919.0,0.024602555068902677
2920.0,0.022254872045120756
2921.0,0.019907189021338034
2922.0,0.017559505997556915
2923.0,0.013423104671823017
2924.0,0.008311038817751675
2925.0,0.003198972963680333
2926.0,-0.001913092890391009
2927.0,-0.0070251587444623495
2928.0,-0.01229075481378035
2929.0,-0.01756594652154946
2930.0,-0.02284113822932218
2931.0,-0.028116329937093093
2932.0,-0.033165178282053676
2933.0,-0.03747841069788067
2934.0,-0.04179164311370619
2935.0,-0.04610487552953466
2936.0,-0.050418107945361654
2937.0,-0.05418997292474922
2938.0,-0.0574806224050795
2939.0,-0.060771271885410906
2940.0,-0.06406192136574006
2941.0,-0.06735257084607034
2942.0,-0.06932679599272072
2943.0,-0.07101893021072542
2944.0,-0.07271106442873068
2945.0,-0.0744031986467348
2946.0,-0.0757236007709721
2947.0,-0.074256012191954
2948.0,-0.0727884236129359
2949.0,-0.0713208350339178
2950.0,-0.06985324645489971
2951.0,-0.0690943132885498
2952.0,-0.0693477449974401
2953.0,-0.06960117670633058
2954.0,-0.06985460841522097
2955.0,-0.07010804012411136
2956.0,-0.07037132851478724
2957.0,-0.07063872385620698
2958.0,-0.07090611919762692
2959.0,-0.07117351453904674
2960.0,-0.07144090988046659
2961.0,-0.07227006313111212
2962.0,-0.07309921638175793
2963.0,-0.07392836963240318
2964.0,-0.07475752288304871
2965.0,-0.07531391452609273
2966.0,-0.07521567831089314
2967.0,-0.07511744209569356
2968.0,-0.07501920588049396
2969.0,-0.07492096966529438
2970.0,-0.07457448583451452
2971.0,-0.07405422867282849
2972.0,-0.07353397151114244
2973.0,-0.0730137143494564
2974.0,-0.07249345718777037
2975.0,-0.07124438183987372
2976.0,-0.06989813073381469
2977.0,-0.06855187962775611
2978.0,-0.06720562852169754
2979.0,-0.06575959897833698
2980.0,-0.06384793672756783
2981.0,-0.06193627447679737
2982.0,-0.06002461222602757
2983.0,-0.05811294997525776
2984.0,-0.05605819680740335
2985.0,-0.053842466357827995
2986.0,-0.05162673590825416
2987.0,-0.04941100545867956
2988.0,-0.04719527500910496
2989.0,-0.044947843206358085
2990.0,-0.04269065714109666
2991.0,-0.04043347107583523
2992.0,-0.03817628501057381
2993.0,-0.035932169789099216
2994.0,-0.03389718806821391
2995.0,-0.03186220634732861
2996.0,-0.029827224626443306
2997.0,-0.027792242905558002
2998.0,-0.025928906084073885
2999.0,-0.024380251578156577
3000.0,-0.0228315970722398
3001.0,-0.021282942566323022
3002.0,-0.01973428806040624
3003.0,-0.018671171731650962
3004.0,-0.017872894408619437
3005.0,-0.017074617085588186
3006.0,-0.016276339762556935
3007.0,-0.015478062439525686
3008.0,-0.015647244195172806
3009.0,-0.015876892143237162
3010.0,-0.016106540091301594
3011.0,-0.01633618803936603
3012.0,-0.016651221107539572
3013.0,-0.01724375581606772
3014.0,-0.01783629052459587
3015.0,-0.018428825233124023
3016.0,-0.01902135994165217
3017.0,-0.019074383431991537
3018.0,-0.018647841395051983
3019.0,-0.01822129935811243
3020.0,-0.017794757321172874
3021.0,-0.017368215284233466
3022.0,-0.01658490917156539
3023.0,-0.015725153614098524
3024.0,-0.014865398056631656
3025.0,-0.014005642499164788
3026.0,-0.013233335839776742
3027.0,-0.013116895915979466
3028.0,-0.013000455992182228
3029.0,-0.012884016068384992
3030.0,-0.012767576144587754
3031.0,-0.012899619259706304
3032.0,-0.01338663814470398
3033.0,-0.013873657029701822
3034.0,-0.014360675914699663
3035.0,-0.014847694799697504
3036.0,-0.016010924601718567
3037.0,-0.017455908952499304
3038.0,-0.018900893303280042
3039.0,-0.02034587765406078
3040.0,-0.021790862004841517
3041.0,-0.022952027149511806
3042.0,-0.02411319229418209
3043.0,-0.02527435743885238
3044.0,-0.026435522583522268
3045.0,-0.02750520395593309
3046.0,-0.02835532427491984
3047.0,-0.02920544459390659
3048.0,-0.030055564912893344
3049.0,-0.030905685231880385
3050.0,-0.03157328259848786
3051.0,-0.032113113898430336
3052.0,-0.032652945198372814
3053.0,-0.03319277649831529
3054.0,-0.03373260779825795
3055.0,-0.03399928422164875
3056.0,-0.034229539994832865
3057.0,-0.034459795768016985
3058.0,-0.034690051541201104
3059.0,-0.034888896813867205
3060.0,-0.03494115975078257
3061.0,-0.03499342268769792
3062.0,-0.035045685624613285
3063.0,-0.03509794856152864
3064.0,-0.0344388845366416
3065.0,-0.03297957767972686
3066.0,-0.03152027082281212
3067.0,-0.030060963965897875
3068.0,-0.028601657108982634
3069.0,-0.026622169975488996
3070.0,-0.024482627372278777
3071.0,-0.022343084769068555
3072.0,-0.0202035421658576
3073.0,-0.0180870858702907
3074.0,-0.016340010497004506
3075.0,-0.014592935123718315
3076.0,-0.012845859750432122
3077.0,-0.011098784377145333
3078.0,-0.009573555461499001
3079.0,-0.008455045051524059
3080.0,-0.007336534641549116
3081.0,-0.006218024231574174
3082.0,-0.0050995138215992305
3083.0,-0.004513421793852425
3084.0,-0.004217739792775512
3085.0,-0.0039220577916985995
3086.0,-0.0036263757906216864
3087.0,-0.0033306937895447738
3088.0,-0.002815124594367767
3089.0,-0.002285812449559504
3090.0,-0.0017565003047512416
3091.0,-0.0012271881599429787
3092.0,-0.000766045349691756
3093.0,-0.0005264528767509136
3094.0,-0.000286860403810071
3095.0,-4.726793086922841e-05
3096.0,0.00019232454207161417
3097.0,0.0001941408510485524
3098.0,-1.5399430164646233e-05
3099.0,-0.00022493971137784482
3100.0,-0.0004344799925910435
3101.0,-0.0006440202738042421
3102.0,-0.0012685617104220143
3103.0,-0.0019820319660550523
3104.0,-0.0026955022216880904
3105.0,-0.0034089724773211276
3106.0,-0.004179200761442001
3107.0,-0.0053751142592216306
3108.0,-0.00657102775700126
3109.0,-0.007766941254780889
3110.0,-0.00896285475256052
3111.0,-0.00943295468178292
3112.0,-0.008866178084494993
3113.0,-0.008299401487207066
3114.0,-0.00773262488991914
3115.0,-0.007165848292631213
3116.0,-0.006166418288866979
3117.0,-0.004986716032404283
3118.0,-0.003807013775941587
3119.0,-0.0026273115194788916
3120.0,-0.0014476092630161964
3121.0,-0.0002094328433772199
3122.0,0.0010287435762617568
3123.0,0.0022669199959007335
3124.0,0.0035050964155397104
3125.0,0.004643945392146146
3126.0,0.005544408505474486
3127.0,0.006444871618802825
3128.0,0.007345334732131165
3129.0,0.008245797845459504
3130.0,0.009378714928808202
3131.0,0.01067434979117115
3132.0,0.0119699846535341
3133.0,0.013265619515897047
3134.0,0.014561254378259995
3135.0,0.014789416805332266
3136.0,0.014875249574365777
3137.0,0.01496108234339929
3138.0,0.015046915112432802
3139.0,0.01474145614136719
3140.0,0.012609969049839
3141.0,0.01047848195831081
3142.0,0.00834699486678262
3143.0,0.006215507775254429
3144.0,0.004479711530153181
3145.0,0.0031890674872822426
3146.0,0.0018984234444113044
3147.0,0.0006077794015403662
3148.0,-0.000682864641330572
3149.0,-0.0017469379818199128
3150.0,-0.002741297260037992
3151.0,-0.0037356565382560716
3152.0,-0.004730015816474151
3153.0,-0.005740414047773002
3154.0,-0.007007435528364201
3155.0,-0.0082744570089554
3156.0,-0.009541478489546599
3157.0,-0.010808499970137797
3158.0,-0.011263944533102721
3159.0,-0.010231498080419473
3160.0,-0.009199051627736227
3161.0,-0.00816660517505298
3162.0,-0.007134158722369733
3163.0,-0.006101811406662772
3164.0,-0.00506951816567015
3165.0,-0.004037224924677528
3166.0,-0.0030049316836849053
3167.0,-0.0019726384426922827
3168.0,0.0002419587333364556
3169.0,0.0025304499053049505
3170.0,0.004818941077273446
3171.0,0.007107432249241941
3172.0,0.009344061505583787
3173.0,0.011412139536139022
3174.0,0.013480217566694258
3175.0,0.015548295597249495
3176.0,0.01761637362780473
3177.0,0.019139079470415897
3178.0,0.020177010034854552
3179.0,0.021214940599293207
3180.0,0.022252871163731865
3181.0,0.02329080172817052
3182.0,0.02190676187397606
3183.0,0.020003728358645924
3184.0,0.018100694843315793
3185.0,0.01619766132798566
3186.0,0.014016787318552978
3187.0,0.009752109603351183
3188.0,0.005487431888149392
3189.0,0.0012227541729475985
3190.0,-0.0030419235422541966
3191.0,-0.006446837073941219
3192.0,-0.008623516057749993
3193.0,-0.010800195041558769
3194.0,-0.012976874025367542
3195.0,-0.015153553009176316
3196.0,-0.01783136277017407
3197.0,-0.02071797702166723
3198.0,-0.023604591273160388
3199.0,-0.026491205524653547
3200.0,-0.029377819776146705
3201.0,-0.02955231122797525
3202.0,-0.029726802679803793
3203.0,-0.02990129413163234
3204.0,-0.030075785583460884
3205.0,-0.02955700687585972
3206.0,-0.02737437978562725
3207.0,-0.025191752695394785
3208.0,-0.023009125605162318
3209.0,-0.02082649851492985
3210.0,-0.018804004620454538
3211.0,-0.01689360396300923
3212.0,-0.014983203305563925
3213.0,-0.01307280264811862
3214.0,-0.011162401990673315
3215.0,-0.008957903641059353
3216.0,-0.006714192265822904
3217.0,-0.004470480890586455
3218.0,-0.0022267695153500057
3219.0,-0.0003183959192058095
3220.0,2.5068041174547222e-05
3221.0,0.0003685320015549041
3222.0,0.0007119959619352608
3223.0,0.0010554599223156177
3224.0,0.0009404056504215857
3225.0,0.00030951836721886616
3226.0,-0.00032136891598385326
3227.0,-0.0009522561991865727
3228.0,-0.0015831434823892923
3229.0,-0.003448221550697906
3230.0,-0.005693050629808333
3231.0,-0.00793787970891876
3232.0,-0.010182708788029187
3233.0,-0.01253640080971228
3234.0,-0.016631899912558014
3235.0,-0.020727399015403748
3236.0,-0.024822898118249483
3237.0,-0.028918397221095217
3238.0,-0.033094204807203806
3239.0,-0.037417244612627645
3240.0,-0.041740284418051485
3241.0,-0.04606332422347532
3242.0,-0.05038636402889915
3243.0,-0.05422206140607915
3244.0,-0.05779193564058069
3245.0,-0.061361809875082225
3246.0,-0.06493168410958376
3247.0,-0.0685015583440853
3248.0,-0.07006384164137167
3249.0,-0.07150065050508209
3250.0,-0.07293745936879249
3251.0,-0.07437426823250291
3252.0,-0.07547578053828245
3253.0,-0.07548757903078665
3254.0,-0.07549937752329085
3255.0,-0.07551117601579506
3256.0,-0.07552297450829926
3257.0,-0.07578446468302934
3258.0,-0.07626790301973797
3259.0,-0.07675134135644662
3260.0,-0.07723477969315526
3261.0,-0.07771821802986391
3262.0,-0.07756906873045484
3263.0,-0.077284364937592
3264.0,-0.07699966114472914
3265.0,-0.07671495735186629
3266.0,-0.07640862105547892
3267.0,-0.07594004098265764
3268.0,-0.07547146090983635
3269.0,-0.07500288083701506
3270.0,-0.07453430076419378
3271.0,-0.07320672056223175
3272.0,-0.07065199731864008
3273.0,-0.06809727407504841
3274.0,-0.06554255083145676
3275.0,-0.06298782758786509
3276.0,-0.060119075015038624
3277.0,-0.05711947688836432
3278.0,-0.05411987876169002
3279.0,-0.05112028063501572
3280.0,-0.048120682508341416
3281.0,-0.04609459223844561
3282.0,-0.04406850196854979
3283.0,-0.042042411698653984
3284.0,-0.04001632142875817
3285.0,-0.038181925755784524
3286.0,-0.036807597115424084
3287.0,-0.03543326847506364
3288.0,-0.03405893983470319
3289.0,-0.03268461119434275
3290.0,-0.031353189784404115
3291.0,-0.030051803435760735
3292.0,-0.028750417087117355
3293.0,-0.02744903073847398
3294.0,-0.026147644389830603
3295.0,-0.02613831416587745
3296.0,-0.026301258091882992
3297.0,-0.026464202017888534
3298.0,-0.02662714594389408
3299.0,-0.02665438170854696
3300.0,-0.026048312720220762
3301.0,-0.02544224373189457
3302.0,-0.024836174743568373
3303.0,-0.024230105755242176
3304.0,-0.024367242512611357
3305.0,-0.02534048573388784
3306.0,-0.026313728955164324
3307.0,-0.027286972176440806
3308.0,-0.028260215397717288
3309.0,-0.02885229429266468
3310.0,-0.029327091856433896
3311.0,-0.029801889420203106
3312.0,-0.030276686983972317
3313.0,-0.030727572735202564
3314.0,-0.030795869485809313
3315.0,-0.030864166236416066
3316.0,-0.030932462987022815
3317.0,-0.031000759737629564
3318.0,-0.03043159436492508
3319.0,-0.028693748432816652
3320.0,-0.02695590250070823
3321.0,-0.025218056568599802
3322.0,-0.023480210636491375
3323.0,-0.021302253134096998
3324.0,-0.018884234775183008
3325.0,-0.016466216416269018
3326.0,-0.014048198057355032
3327.0,-0.011630179698441042
3328.0,-0.010230713929253973
3329.0,-0.008894907696924836
3330.0,-0.007559101464595699
3331.0,-0.006223295232266563
3332.0,-0.004969861106235055
3333.0,-0.003984136325670843
3334.0,-0.0029984115451066303
3335.0,-0.0020126867645424177
3336.0,-0.0010269619839782052
3337.0,-0.0003496743896139287
3338.0,5.344681701707104e-05
3339.0,0.0004565680236480708
3340.0,0.0008596892302790704
3341.0,0.00126281043691007
3342.0,0.0011150341972743394
3343.0,0.0008492085048671667
3344.0,0.0005833828124599939
3345.0,0.0003175571200528212
3346.0,-1.804912003313956e-05
3347.0,-0.0008770094677100095
3348.0,-0.0017359698153868793
3349.0,-0.002594930163063749
3350.0,-0.0034538905107406193
3351.0,-0.004536960088604659
3352.0,-0.005940185709593227
3353.0,-0.007343411330581795
3354.0,-0.008746636951570363
3355.0,-0.01014986257255893
3356.0,-0.011279685766978222
3357.0,-0.012295591283660314
3358.0,-0.013311496800342406
3359.0,-0.0143274023170245
3360.0,-0.015343307833706592
3361.0,-0.015617349799054075
3362.0,-0.015891391764401557
3363.0,-0.01616543372974904
3364.0,-0.016439475695096524
3365.0,-0.016554683212751373
3366.0,-0.016288688055943905
3367.0,-0.01602269289913644
3368.0,-0.015756697742328973
3369.0,-0.015490702585521505
3370.0,-0.015165321982111037
3371.0,-0.01479837156607847
3372.0,-0.014431421150045904
3373.0,-0.014064470734013339
3374.0,-0.013697520317980771
3375.0,-0.013837218980009015
3376.0,-0.014044470852445366
3377.0,-0.014251722724881717
3378.0,-0.014458974597318068
3379.0,-0.014618066002721228
3380.0,-0.014552408561969501
3381.0,-0.014486751121217773
3382.0,-0.014421093680466044
3383.0,-0.014355436239714315
3384.0,-0.01431038876827435
3385.0,-0.014288527512310117
3386.0,-0.014266666256345885
3387.0,-0.014244805000381652
3388.0,-0.01422294374441742
3389.0,-0.014306094698588278
3390.0,-0.01442155710203147
3391.0,-0.014537019505474662
3392.0,-0.014652481908917854
3393.0,-0.014762283588979
3394.0,-0.014781513694927414
3395.0,-0.014800743800875826
3396.0,-0.014819973906824237
3397.0,-0.01483920401277265
3398.0,-0.014831155713277519
3399.0,-0.01477309700380256
3400.0,-0.0147150382943276
3401.0,-0.014656979584852643
3402.0,-0.014598920875377683
3403.0,-0.014309843438452341
3404.0,-0.013894755786554061
3405.0,-0.013479668134655783
3406.0,-0.013064580482757503
3407.0,-0.012649492830859225
3408.0,-0.012446402346013638
3409.0,-0.012256561684108847
3410.0,-0.012066721022204055
3411.0,-0.011876880360299262
3412.0,-0.011782521556584038
3413.0,-0.011998478791984908
3414.0,-0.012214436027385778
3415.0,-0.012430393262786648
3416.0,-0.012646350498187518
3417.0,-0.013027248609209275
3418.0,-0.01355476083189404
3419.0,-0.014082273054578806
3420.0,-0.014609785277263572
3421.0,-0.015137297499948337
3422.0,-0.015843747606632264
3423.0,-0.016588541545601722
3424.0,-0.01733333548457118
3425.0,-0.01807812942354064
3426.0,-0.018837394089705545
3427.0,-0.019705189209836316
3428.0,-0.020572984329967087
3429.0,-0.02144077945009786
3430.0,-0.022308574570228633
3431.0,-0.023196391129749784
3432.0,-0.024112809745542915
3433.0,-0.025029228361336045
3434.0,-0.025945646977129172
3435.0,-0.026862065592922302
3436.0,-0.027784785099503478
3437.0,-0.028710129977246337
3438.0,-0.029635474854989192
3439.0,-0.03056081973273205
3440.0,-0.03148616461047491
3441.0,-0.03205902712330897
3442.0,-0.03263188963614303
3443.0,-0.03320475214897709
3444.0,-0.03377761466181115
3445.0,-0.034205474001797735
3446.0,-0.03428532572695036
3447.0,-0.03436517745210299
3448.0,-0.03444502917725562
3449.0,-0.03452488090240825
3450.0,-0.03410792575862091
3451.0,-0.033343205806575585
3452.0,-0.03257848585453026
3453.0,-0.031813765902484935
3454.0,-0.03104904595043961
3455.0,-0.031439111804695184
3456.0,-0.03198314909979088
3457.0,-0.032527186394886574
3458.0,-0.03307122368998227
3459.0,-0.03366017129388312
3460.0,-0.03445870033887471
3461.0,-0.035257229383866294
3462.0,-0.03605575842885789
3463.0,-0.03685428747384947
3464.0,-0.03767998661924768
3465.0,-0.03853625212760334
3466.0,-0.03939251763595899
3467.0,-0.04024878314431465
3468.0,-0.0411050486526703
3469.0,-0.041945212900039365
3470.0,-0.04278042291325871
3471.0,-0.04361563292647806
3472.0,-0.04445084293969741
3473.0,-0.04528018570220635
3474.0,-0.0460156524533488
3475.0,-0.04675111920449125
3476.0,-0.0474865859556337
3477.0,-0.04822205270677615
3478.0,-0.048878809030629224
3479.0,-0.04939126290445177
3480.0,-0.04990371677827432
3481.0,-0.050416170652096866
3482.0,-0.05092862452591941
3483.0,-0.050853044672229654
3484.0,-0.05045671914898774
3485.0,-0.05006039362574583
3486.0,-0.04966406810250392
3487.0,-0.04926774257926201
3488.0,-0.0491646393423264
3489.0,-0.04907986249828493
3490.0,-0.048995085654243466
3491.0,-0.048910308810201995
3492.0,-0.04932942447604358
3493.0,-0.051386190799005076
3494.0,-0.05344295712196657
3495.0,-0.05549972344492806
3496.0,-0.05755648976788955
3497.0,-0.05908713815216525
3498.0,-0.06015012614649802
3499.0,-0.06121311414083079
3500.0,-0.06227610213516356
3501.0,-0.06333909012949633
3502.0,-0.06434990355208726
3503.0,-0.06534953670930493
3504.0,-0.06634916986652262
3505.0,-0.06734880302374029
3506.0,-0.06818081062479293
3507.0,-0.06775562655460787
3508.0,-0.0673304424844228
3509.0,-0.06690525841423772
3510.0,-0.06648007434405265
3511.0,-0.06557897865931929
3512.0,-0.06399800923951697
3513.0,-0.062417039819714644
3514.0,-0.060836070399912325
3515.0,-0.05925510098011
3516.0,-0.05591143762846007
3517.0,-0.051833318471873634
3518.0,-0.047755199315287204
3519.0,-0.04367708015870077
3520.0,-0.03959896100211434
3521.0,-0.036156355522805314
3522.0,-0.03271375004349629
3523.0,-0.029271144564187265
3524.0,-0.02582853908487824
3525.0,-0.02240535564753851
3526.0,-0.019028785110925078
3527.0,-0.015652214574311644
3528.0,-0.012275644037698215
3529.0,-0.008899073501084783
3530.0,-0.00573805309881698
3531.0,-0.0027279177905911185
3532.0,0.00028221751763474277
3533.0,0.003292352825860605
3534.0,0.006302488134086465
3535.0,0.007270808755312438
3536.0,0.007966887418271758
3537.0,0.008662966081231077
3538.0,0.009359044744190397
3539.0,0.009576542542434827
3540.0,0.007560662972009765
3541.0,0.005544783401584705
3542.0,0.0035289038311596436
3543.0,0.0015130242607345832
3544.0,-9.747917488784827e-05
3545.0,-0.0012519344588573244
3546.0,-0.0024063897428268006
3547.0,-0.003560845026796277
3548.0,-0.004715300310765753
3549.0,-0.005908531093579107
3550.0,-0.007113692799113655
3551.0,-0.008318854504648204
3552.0,-0.009524016210182753
3553.0,-0.010714338929998912
3554.0,-0.011667237878320852
3555.0,-0.012620136826642793
3556.0,-0.013573035774964732
3557.0,-0.014525934723286674
3558.0,-0.01520132911698319
3559.0,-0.015367965160533098
3560.0,-0.015534601204083006
3561.0,-0.015701237247632914
3562.0,-0.01586787329118282
3563.0,-0.015176661756134649
3564.0,-0.014017533360032983
3565.0,-0.012858404963931315
3566.0,-0.01169927656782965
3567.0,-0.010540148171727982
3568.0,-0.01075443272883519
3569.0,-0.011054555595517953
3570.0,-0.011354678462200717
3571.0,-0.01165480132888348
3572.0,-0.011884307050464631
3573.0,-0.011884307050465536
3574.0,-0.011884307050466442
3575.0,-0.011884307050467348
3576.0,-0.011884307050468253
3577.0,-0.011884307050468201
3578.0,-0.011884307050467294
3579.0,-0.011884307050466388
3580.0,-0.011884307050465483
3581.0,-0.011884307050464577
3582.0,-0.011884307050464418
3583.0,-0.011884307050464418
3584.0,-0.011884307050464418
3585.0,-0.011884307050464418
3586.0,-0.011884307050464418
3587.0,-0.011884307050464418
3588.0,-0.011884307050464418
3589.0,-0.011884307050464418
3590.0,-0.011884307050464418
3591.0,-0.011884307050464393
3592.0,-0.011884307050464333
3593.0,-0.011884307050464272
3594.0,-0.011884307050464211
3595.0,-0.01188430705046415
3596.0,-0.011884307050464133
3597.0,-0.011884307050464133
3598.0,-0.011884307050464133
3599.0,-0.011884307050464133
