Phase,Total elapsed time,Phase elapsed time,"WLTC class 2, version 1.4, vehicle speed","WLTC class 2, version 1.4, acceleration","WLTC class 2, version 1.4, acceleration"
Phase,s,s,km/h,m/s²,km/h/s
Low,0,0,0.0 ,0.00,0.00
Low,1,1,0.0 ,0.00,0.00
Low,2,2,0.0 ,0.00,0.00
Low,3,3,0.0 ,0.00,0.00
Low,4,4,0.0 ,0.00,0.00
Low,5,5,0.0 ,0.00,0.00
Low,6,6,0.0 ,0.00,0.00
Low,7,7,0.0 ,0.00,0.00
Low,8,8,0.0 ,0.00,0.00
Low,9,9,0.0 ,0.00,0.00
Low,10,10,0.0 ,0.00,0.00
Low,11,11,0.0 ,0.00,0.00
Low,12,12,0.0 ,0.17,0.60
Low,13,13,1.2 ,0.36,1.30
Low,14,14,2.6 ,0.51,1.85
Low,15,15,4.9 ,0.65,2.35
Low,16,16,7.3 ,0.63,2.25
Low,17,17,9.4 ,0.57,2.05
Low,18,18,11.4 ,0.46,1.65
Low,19,19,12.7 ,0.26,0.95
Low,20,20,13.3 ,0.10,0.35
Low,21,21,13.4 ,0.00,0.00
Low,22,22,13.3 ,-0.04,-0.15
Low,23,23,13.1 ,-0.11,-0.40
Low,24,24,12.5 ,-0.28,-1.00
Low,25,25,11.1 ,-0.50,-1.80
Low,26,26,8.9 ,-0.68,-2.45
Low,27,27,6.2 ,-0.71,-2.55
Low,28,28,3.8 ,-0.61,-2.20
Low,29,29,1.8 ,-0.53,-1.90
Low,30,30,0.0 ,-0.25,-0.90
Low,31,31,0.0 ,0.00,0.00
Low,32,32,0.0 ,0.00,0.00
Low,33,33,0.0 ,0.21,0.75
Low,34,34,1.5 ,0.39,1.40
Low,35,35,2.8 ,0.32,1.15
Low,36,36,3.8 ,0.25,0.90
Low,37,37,4.6 ,0.21,0.75
Low,38,38,5.3 ,0.21,0.75
Low,39,39,6.1 ,0.18,0.65
Low,40,40,6.6 ,0.15,0.55
Low,41,41,7.2 ,0.18,0.65
Low,42,42,7.9 ,0.21,0.75
Low,43,43,8.7 ,0.19,0.70
Low,44,44,9.3 ,0.18,0.65
Low,45,45,10.0 ,0.19,0.70
Low,46,46,10.7 ,0.21,0.75
Low,47,47,11.5 ,0.22,0.80
Low,48,48,12.3 ,0.25,0.90
Low,49,49,13.3 ,0.26,0.95
Low,50,50,14.2 ,0.21,0.75
Low,51,51,14.8 ,0.07,0.25
Low,52,52,14.7 ,-0.06,-0.20
Low,53,53,14.4 ,-0.08,-0.30
Low,54,54,14.1 ,-0.11,-0.40
Low,55,55,13.6 ,-0.17,-0.60
Low,56,56,12.9 ,-0.22,-0.80
Low,57,57,12.0 ,-0.25,-0.90
Low,58,58,11.1 ,-0.21,-0.75
Low,59,59,10.5 ,-0.11,-0.40
Low,60,60,10.3 ,0.00,0.00
Low,61,61,10.5 ,-0.01,-0.05
Low,62,62,10.2 ,-0.18,-0.65
Low,63,63,9.2 ,-0.44,-1.60
Low,64,64,7.0 ,-0.61,-2.20
Low,65,65,4.8 ,-0.65,-2.35
Low,66,66,2.3 ,-0.67,-2.40
Low,67,67,0.0 ,-0.32,-1.15
Low,68,68,0.0 ,0.00,0.00
Low,69,69,0.0 ,0.00,0.00
Low,70,70,0.0 ,0.00,0.00
Low,71,71,0.0 ,0.00,0.00
Low,72,72,0.0 ,0.00,0.00
Low,73,73,0.0 ,0.00,0.00
Low,74,74,0.0 ,0.00,0.00
Low,75,75,0.0 ,0.00,0.00
Low,76,76,0.0 ,0.00,0.00
Low,77,77,0.0 ,0.00,0.00
Low,78,78,0.0 ,0.00,0.00
Low,79,79,0.0 ,0.00,0.00
Low,80,80,0.0 ,0.00,0.00
Low,81,81,0.0 ,0.00,0.00
Low,82,82,0.0 ,0.00,0.00
Low,83,83,0.0 ,0.00,0.00
Low,84,84,0.0 ,0.00,0.00
Low,85,85,0.0 ,0.00,0.00
Low,86,86,0.0 ,0.00,0.00
Low,87,87,0.0 ,0.00,0.00
Low,88,88,0.0 ,0.00,0.00
Low,89,89,0.0 ,0.00,0.00
Low,90,90,0.0 ,0.00,0.00
Low,91,91,0.0 ,0.00,0.00
Low,92,92,0.0 ,0.00,0.00
Low,93,93,0.0 ,0.00,0.00
Low,94,94,0.0 ,0.00,0.00
Low,95,95,0.0 ,0.00,0.00
Low,96,96,0.0 ,0.00,0.00
Low,97,97,0.0 ,0.00,0.00
Low,98,98,0.0 ,0.00,0.00
Low,99,99,0.0 ,0.00,0.00
Low,100,100,0.0 ,0.00,0.00
Low,101,101,0.0 ,0.00,0.00
Low,102,102,0.0 ,0.00,0.00
Low,103,103,0.0 ,0.00,0.00
Low,104,104,0.0 ,0.00,0.00
Low,105,105,0.0 ,0.00,0.00
Low,106,106,0.0 ,0.11,0.40
Low,107,107,0.8 ,0.19,0.70
Low,108,108,1.4 ,0.21,0.75
Low,109,109,2.3 ,0.29,1.05
Low,110,110,3.5 ,0.33,1.20
Low,111,111,4.7 ,0.33,1.20
Low,112,112,5.9 ,0.38,1.35
Low,113,113,7.4 ,0.46,1.65
Low,114,114,9.2 ,0.60,2.15
Low,115,115,11.7 ,0.60,2.15
Low,116,116,13.5 ,0.46,1.65
Low,117,117,15.0 ,0.38,1.35
Low,118,118,16.2 ,0.25,0.90
Low,119,119,16.8 ,0.18,0.65
Low,120,120,17.5 ,0.28,1.00
Low,121,121,18.8 ,0.39,1.40
Low,122,122,20.3 ,0.44,1.60
Low,123,123,22.0 ,0.46,1.65
Low,124,124,23.6 ,0.39,1.40
Low,125,125,24.8 ,0.28,1.00
Low,126,126,25.6 ,0.21,0.75
Low,127,127,26.3 ,0.22,0.80
Low,128,128,27.2 ,0.28,1.00
Low,129,129,28.3 ,0.33,1.20
Low,130,130,29.6 ,0.36,1.30
Low,131,131,30.9 ,0.36,1.30
Low,132,132,32.2 ,0.35,1.25
Low,133,133,33.4 ,0.40,1.45
Low,134,134,35.1 ,0.53,1.90
Low,135,135,37.2 ,0.50,1.80
Low,136,136,38.7 ,0.25,0.90
Low,137,137,39.0 ,-0.18,-0.65
Low,138,138,37.4 ,-0.71,-2.55
Low,139,139,33.9 ,-1.07,-3.85
Low,140,140,29.7 ,-0.99,-3.55
Low,141,141,26.8 ,-0.50,-1.80
Low,142,142,26.1 ,0.06,0.20
Low,143,143,27.2 ,0.42,1.50
Low,144,144,29.1 ,0.50,1.80
Low,145,145,30.8 ,0.39,1.40
Low,146,146,31.9 ,0.17,0.60
Low,147,147,32.0 ,-0.17,-0.60
Low,148,148,30.7 ,-0.49,-1.75
Low,149,149,28.5 ,-0.65,-2.35
Low,150,150,26.0 ,-0.71,-2.55
Low,151,151,23.4 ,-0.74,-2.65
Low,152,152,20.7 ,-0.83,-3.00
Low,153,153,17.4 ,-0.76,-2.75
Low,154,154,15.2 ,-0.54,-1.95
Low,155,155,13.5 ,-0.31,-1.10
Low,156,156,13.0 ,-0.15,-0.55
Low,157,157,12.4 ,-0.10,-0.35
Low,158,158,12.3 ,-0.03,-0.10
Low,159,159,12.2 ,0.00,0.00
Low,160,160,12.3 ,0.03,0.10
Low,161,161,12.4 ,0.03,0.10
Low,162,162,12.5 ,0.03,0.10
Low,163,163,12.6 ,0.03,0.10
Low,164,164,12.7 ,0.04,0.15
Low,165,165,12.9 ,0.17,0.60
Low,166,166,13.9 ,0.46,1.65
Low,167,167,16.2 ,0.75,2.70
Low,168,168,19.3 ,0.92,3.30
Low,169,169,22.8 ,0.92,3.30
Low,170,170,25.9 ,0.79,2.85
Low,171,171,28.5 ,0.57,2.05
Low,172,172,30.0 ,0.08,0.30
Low,173,173,29.1 ,-0.36,-1.30
Low,174,174,27.4 ,-0.54,-1.95
Low,175,175,25.2 ,-0.50,-1.80
Low,176,176,23.8 ,-0.11,-0.40
Low,177,177,24.4 ,0.31,1.10
Low,178,178,26.0 ,0.72,2.60
Low,179,179,29.6 ,0.86,3.10
Low,180,180,32.2 ,0.82,2.95
Low,181,181,35.5 ,0.75,2.70
Low,182,182,37.6 ,0.56,2.00
Low,183,183,39.5 ,0.42,1.50
Low,184,184,40.6 ,0.28,1.00
Low,185,185,41.5 ,0.19,0.70
Low,186,186,42.0 ,0.13,0.45
Low,187,187,42.4 ,0.14,0.50
Low,188,188,43.0 ,0.25,0.90
Low,189,189,44.2 ,0.40,1.45
Low,190,190,45.9 ,0.49,1.75
Low,191,191,47.7 ,0.46,1.65
Low,192,192,49.2 ,0.32,1.15
Low,193,193,50.0 ,0.14,0.50
Low,194,194,50.2 ,0.01,0.05
Low,195,195,50.1 ,-0.06,-0.20
Low,196,196,49.8 ,-0.10,-0.35
Low,197,197,49.4 ,-0.13,-0.45
Low,198,198,48.9 ,-0.13,-0.45
Low,199,199,48.5 ,-0.10,-0.35
Low,200,200,48.2 ,-0.04,-0.15
Low,201,201,48.2 ,-0.01,-0.05
Low,202,202,48.1 ,-0.11,-0.40
Low,203,203,47.4 ,-0.32,-1.15
Low,204,204,45.8 ,-0.58,-2.10
Low,205,205,43.2 ,-0.74,-2.65
Low,206,206,40.5 ,-0.69,-2.50
Low,207,207,38.2 ,-0.53,-1.90
Low,208,208,36.7 ,-0.33,-1.20
Low,209,209,35.8 ,-0.19,-0.70
Low,210,210,35.3 ,-0.14,-0.50
Low,211,211,34.8 ,-0.13,-0.45
Low,212,212,34.4 ,-0.07,-0.25
Low,213,213,34.3 ,-0.06,-0.20
Low,214,214,34.0 ,-0.07,-0.25
Low,215,215,33.8 ,-0.06,-0.20
Low,216,216,33.6 ,-0.04,-0.15
Low,217,217,33.5 ,-0.01,-0.05
Low,218,218,33.5 ,-0.01,-0.05
Low,219,219,33.4 ,-0.03,-0.10
Low,220,220,33.3 ,-0.01,-0.05
Low,221,221,33.3 ,-0.01,-0.05
Low,222,222,33.2 ,-0.03,-0.10
Low,223,223,33.1 ,-0.01,-0.05
Low,224,224,33.1 ,-0.03,-0.10
Low,225,225,32.9 ,-0.04,-0.15
Low,226,226,32.8 ,-0.03,-0.10
Low,227,227,32.7 ,-0.03,-0.10
Low,228,228,32.6 ,-0.06,-0.20
Low,229,229,32.3 ,-0.10,-0.35
Low,230,230,31.9 ,-0.14,-0.50
Low,231,231,31.3 ,-0.14,-0.50
Low,232,232,30.9 ,-0.11,-0.40
Low,233,233,30.5 ,-0.06,-0.20
Low,234,234,30.5 ,0.03,0.10
Low,235,235,30.7 ,0.13,0.45
Low,236,236,31.4 ,0.24,0.85
Low,237,237,32.4 ,0.32,1.15
Low,238,238,33.7 ,0.38,1.35
Low,239,239,35.1 ,0.36,1.30
Low,240,240,36.3 ,0.31,1.10
Low,241,241,37.3 ,0.22,0.80
Low,242,242,37.9 ,0.15,0.55
Low,243,243,38.4 ,0.10,0.35
Low,244,244,38.6 ,0.06,0.20
Low,245,245,38.8 ,0.06,0.20
Low,246,246,39.0 ,0.06,0.20
Low,247,247,39.2 ,0.06,0.20
Low,248,248,39.4 ,0.04,0.15
Low,249,249,39.5 ,0.03,0.10
Low,250,250,39.6 ,0.04,0.15
Low,251,251,39.8 ,0.06,0.20
Low,252,252,40.0 ,0.10,0.35
Low,253,253,40.5 ,0.15,0.55
Low,254,254,41.1 ,0.19,0.70
Low,255,255,41.9 ,0.24,0.85
Low,256,256,42.8 ,0.26,0.95
Low,257,257,43.8 ,0.38,1.35
Low,258,258,45.5 ,0.29,1.05
Low,259,259,45.9 ,0.04,0.15
Low,260,260,45.8 ,-0.07,-0.25
Low,261,261,45.4 ,-0.14,-0.50
Low,262,262,44.8 ,-0.11,-0.40
Low,263,263,44.6 ,0.03,0.10
Low,264,264,45.0 ,0.18,0.65
Low,265,265,45.9 ,0.28,1.00
Low,266,266,47.0 ,0.28,1.00
Low,267,267,47.9 ,0.18,0.65
Low,268,268,48.3 ,0.06,0.20
Low,269,269,48.3 ,-0.01,-0.05
Low,270,270,48.2 ,-0.04,-0.15
Low,271,271,48.0 ,-0.07,-0.25
Low,272,272,47.7 ,-0.11,-0.40
Low,273,273,47.2 ,-0.17,-0.60
Low,274,274,46.5 ,-0.28,-1.00
Low,275,275,45.2 ,-0.39,-1.40
Low,276,276,43.7 ,-0.44,-1.60
Low,277,277,42.0 ,-0.46,-1.65
Low,278,278,40.4 ,-0.42,-1.50
Low,279,279,39.0 ,-0.37,-1.35
Low,280,280,37.7 ,-0.36,-1.30
Low,281,281,36.4 ,-0.35,-1.25
Low,282,282,35.2 ,-0.29,-1.05
Low,283,283,34.3 ,-0.19,-0.70
Low,284,284,33.8 ,-0.14,-0.50
Low,285,285,33.3 ,-0.18,-0.65
Low,286,286,32.5 ,-0.33,-1.20
Low,287,287,30.9 ,-0.54,-1.95
Low,288,288,28.6 ,-0.69,-2.50
Low,289,289,25.9 ,-0.76,-2.75
Low,290,290,23.1 ,-0.81,-2.90
Low,291,291,20.1 ,-0.81,-2.90
Low,292,292,17.3 ,-0.69,-2.50
Low,293,293,15.1 ,-0.50,-1.80
Low,294,294,13.7 ,-0.24,-0.85
Low,295,295,13.4 ,0.03,0.10
Low,296,296,13.9 ,0.22,0.80
Low,297,297,15.0 ,0.33,1.20
Low,298,298,16.3 ,0.33,1.20
Low,299,299,17.4 ,0.26,0.95
Low,300,300,18.2 ,0.17,0.60
Low,301,301,18.6 ,0.08,0.30
Low,302,302,18.8 ,0.06,0.20
Low,303,303,19.0 ,0.10,0.35
Low,304,304,19.5 ,0.15,0.55
Low,305,305,20.1 ,0.14,0.50
Low,306,306,20.5 ,0.01,0.05
Low,307,307,20.2 ,-0.26,-0.95
Low,308,308,18.6 ,-0.51,-1.85
Low,309,309,16.5 ,-0.58,-2.10
Low,310,310,14.4 ,-0.43,-1.55
Low,311,311,13.4 ,-0.21,-0.75
Low,312,312,12.9 ,-0.10,-0.35
Low,313,313,12.7 ,-0.07,-0.25
Low,314,314,12.4 ,-0.04,-0.15
Low,315,315,12.4 ,0.06,0.20
Low,316,316,12.8 ,0.24,0.85
Low,317,317,14.1 ,0.47,1.70
Low,318,318,16.2 ,0.65,2.35
Low,319,319,18.8 ,0.79,2.85
Low,320,320,21.9 ,0.86,3.10
Low,321,321,25.0 ,0.90,3.25
Low,322,322,28.4 ,0.88,3.15
Low,323,323,31.3 ,0.78,2.80
Low,324,324,34.0 ,0.46,1.65
Low,325,325,34.6 ,-0.01,-0.05
Low,326,326,33.9 ,-0.38,-1.35
Low,327,327,31.9 ,-0.54,-1.95
Low,328,328,30.0 ,-0.46,-1.65
Low,329,329,28.6 ,-0.33,-1.20
Low,330,330,27.6 ,-0.22,-0.80
Low,331,331,27.0 ,-0.18,-0.65
Low,332,332,26.3 ,-0.17,-0.60
Low,333,333,25.8 ,-0.13,-0.45
Low,334,334,25.4 ,-0.10,-0.35
Low,335,335,25.1 ,-0.10,-0.35
Low,336,336,24.7 ,-0.14,-0.50
Low,337,337,24.1 ,-0.17,-0.60
Low,338,338,23.5 ,-0.28,-1.00
Low,339,339,22.1 ,-0.42,-1.50
Low,340,340,20.5 ,-0.43,-1.55
Low,341,341,19.0 ,-0.31,-1.10
Low,342,342,18.3 ,-0.14,-0.50
Low,343,343,18.0 ,-0.08,-0.30
Low,344,344,17.7 ,-0.08,-0.30
Low,345,345,17.4 ,-0.19,-0.70
Low,346,346,16.3 ,-0.43,-1.55
Low,347,347,14.3 ,-0.67,-2.40
Low,348,348,11.5 ,-0.79,-2.85
Low,349,349,8.6 ,-0.83,-3.00
Low,350,350,5.5 ,-0.76,-2.75
Low,351,351,3.1 ,-0.60,-2.15
Low,352,352,1.2 ,-0.43,-1.55
Low,353,353,0.0 ,-0.17,-0.60
Low,354,354,0.0 ,0.00,0.00
Low,355,355,0.0 ,0.00,0.00
Low,356,356,0.0 ,0.00,0.00
Low,357,357,0.0 ,0.00,0.00
Low,358,358,0.0 ,0.00,0.00
Low,359,359,0.0 ,0.19,0.70
Low,360,360,1.4 ,0.44,1.60
Low,361,361,3.2 ,0.58,2.10
Low,362,362,5.6 ,0.68,2.45
Low,363,363,8.1 ,0.65,2.35
Low,364,364,10.3 ,0.56,2.00
Low,365,365,12.1 ,0.38,1.35
Low,366,366,13.0 ,0.19,0.70
Low,367,367,13.5 ,0.17,0.60
Low,368,368,14.2 ,0.24,0.85
Low,369,369,15.2 ,0.35,1.25
Low,370,370,16.7 ,0.43,1.55
Low,371,371,18.3 ,0.43,1.55
Low,372,372,19.8 ,0.38,1.35
Low,373,373,21.0 ,0.32,1.15
Low,374,374,22.1 ,0.35,1.25
Low,375,375,23.5 ,0.42,1.50
Low,376,376,25.1 ,0.50,1.80
Low,377,377,27.1 ,0.54,1.95
Low,378,378,29.0 ,0.47,1.70
Low,379,379,30.5 ,0.31,1.10
Low,380,380,31.2 ,0.10,0.35
Low,381,381,31.2 ,-0.07,-0.25
Low,382,382,30.7 ,-0.19,-0.70
Low,383,383,29.8 ,-0.29,-1.05
Low,384,384,28.6 ,-0.33,-1.20
Low,385,385,27.4 ,-0.28,-1.00
Low,386,386,26.6 ,-0.18,-0.65
Low,387,387,26.1 ,-0.13,-0.45
Low,388,388,25.7 ,-0.17,-0.60
Low,389,389,24.9 ,-0.26,-0.95
Low,390,390,23.8 ,-0.35,-1.25
Low,391,391,22.4 ,-0.35,-1.25
Low,392,392,21.3 ,-0.24,-0.85
Low,393,393,20.7 ,-0.17,-0.60
Low,394,394,20.1 ,-0.21,-0.75
Low,395,395,19.2 ,-0.35,-1.25
Low,396,396,17.6 ,-0.42,-1.50
Low,397,397,16.2 ,-0.32,-1.15
Low,398,398,15.3 ,-0.21,-0.75
Low,399,399,14.7 ,-0.15,-0.55
Low,400,400,14.2 ,-0.14,-0.50
Low,401,401,13.7 ,-0.11,-0.40
Low,402,402,13.4 ,-0.10,-0.35
Low,403,403,13.0 ,-0.08,-0.30
Low,404,404,12.8 ,-0.07,-0.25
Low,405,405,12.5 ,-0.10,-0.35
Low,406,406,12.1 ,-0.19,-0.70
Low,407,407,11.1 ,-0.35,-1.25
Low,408,408,9.6 ,-0.51,-1.85
Low,409,409,7.4 ,-0.65,-2.35
Low,410,410,4.9 ,-0.63,-2.25
Low,411,411,2.9 ,-0.51,-1.85
Low,412,412,1.2 ,-0.40,-1.45
Low,413,413,0.0 ,-0.17,-0.60
Low,414,414,0.0 ,0.00,0.00
Low,415,415,0.0 ,0.00,0.00
Low,416,416,0.0 ,0.00,0.00
Low,417,417,0.0 ,0.00,0.00
Low,418,418,0.0 ,0.00,0.00
Low,419,419,0.0 ,0.00,0.00
Low,420,420,0.0 ,0.00,0.00
Low,421,421,0.0 ,0.00,0.00
Low,422,422,0.0 ,0.00,0.00
Low,423,423,0.0 ,0.00,0.00
Low,424,424,0.0 ,0.00,0.00
Low,425,425,0.0 ,0.00,0.00
Low,426,426,0.0 ,0.00,0.00
Low,427,427,0.0 ,0.00,0.00
Low,428,428,0.0 ,0.00,0.00
Low,429,429,0.0 ,0.00,0.00
Low,430,430,0.0 ,0.00,0.00
Low,431,431,0.0 ,0.00,0.00
Low,432,432,0.0 ,0.00,0.00
Low,433,433,0.0 ,0.00,0.00
Low,434,434,0.0 ,0.00,0.00
Low,435,435,0.0 ,0.00,0.00
Low,436,436,0.0 ,0.00,0.00
Low,437,437,0.0 ,0.00,0.00
Low,438,438,0.0 ,0.00,0.00
Low,439,439,0.0 ,0.00,0.00
Low,440,440,0.0 ,0.00,0.00
Low,441,441,0.0 ,0.00,0.00
Low,442,442,0.0 ,0.00,0.00
Low,443,443,0.0 ,0.00,0.00
Low,444,444,0.0 ,0.00,0.00
Low,445,445,0.0 ,0.00,0.00
Low,446,446,0.0 ,0.00,0.00
Low,447,447,0.0 ,0.00,0.00
Low,448,448,0.0 ,0.00,0.00
Low,449,449,0.0 ,0.00,0.00
Low,450,450,0.0 ,0.00,0.00
Low,451,451,0.0 ,0.00,0.00
Low,452,452,0.0 ,0.00,0.00
Low,453,453,0.0 ,0.00,0.00
Low,454,454,0.0 ,0.00,0.00
Low,455,455,0.0 ,0.00,0.00
Low,456,456,0.0 ,0.00,0.00
Low,457,457,0.0 ,0.00,0.00
Low,458,458,0.0 ,0.00,0.00
Low,459,459,0.0 ,0.00,0.00
Low,460,460,0.0 ,0.00,0.00
Low,461,461,0.0 ,0.00,0.00
Low,462,462,0.0 ,0.00,0.00
Low,463,463,0.0 ,0.00,0.00
Low,464,464,0.0 ,0.00,0.00
Low,465,465,0.0 ,0.00,0.00
Low,466,466,0.0 ,0.00,0.00
Low,467,467,0.0 ,0.00,0.00
Low,468,468,0.0 ,0.00,0.00
Low,469,469,0.0 ,0.00,0.00
Low,470,470,0.0 ,0.00,0.00
Low,471,471,0.0 ,0.00,0.00
Low,472,472,0.0 ,0.00,0.00
Low,473,473,0.0 ,0.00,0.00
Low,474,474,0.0 ,0.00,0.00
Low,475,475,0.0 ,0.00,0.00
Low,476,476,0.0 ,0.00,0.00
Low,477,477,0.0 ,0.00,0.00
Low,478,478,0.0 ,0.00,0.00
Low,479,479,0.0 ,0.00,0.00
Low,480,480,0.0 ,0.19,0.70
Low,481,481,1.4 ,0.35,1.25
Low,482,482,2.5 ,0.53,1.90
Low,483,483,5.2 ,0.75,2.70
Low,484,484,7.9 ,0.71,2.55
Low,485,485,10.3 ,0.68,2.45
Low,486,486,12.8 ,0.67,2.40
Low,487,487,15.1 ,0.64,2.30
Low,488,488,17.4 ,0.63,2.25
Low,489,489,19.6 ,0.61,2.20
Low,490,490,21.8 ,0.67,2.40
Low,491,491,24.4 ,0.65,2.35
Low,492,492,26.5 ,0.61,2.20
Low,493,493,28.8 ,0.57,2.05
Low,494,494,30.6 ,0.44,1.60
Low,495,495,32.0 ,0.31,1.10
Low,496,496,32.8 ,0.18,0.65
Low,497,497,33.3 ,0.17,0.60
Low,498,498,34.0 ,0.24,0.85
Low,499,499,35.0 ,0.29,1.05
Low,500,500,36.1 ,0.22,0.80
Low,501,501,36.6 ,0.11,0.40
Low,502,502,36.9 ,0.07,0.25
Low,503,503,37.1 ,0.10,0.35
Low,504,504,37.6 ,0.13,0.45
Low,505,505,38.0 ,0.07,0.25
Low,506,506,38.1 ,-0.04,-0.15
Low,507,507,37.7 ,-0.17,-0.60
Low,508,508,36.9 ,-0.22,-0.80
Low,509,509,36.1 ,-0.17,-0.60
Low,510,510,35.7 ,-0.03,-0.10
Low,511,511,35.9 ,0.11,0.40
Low,512,512,36.5 ,0.26,0.95
Low,513,513,37.8 ,0.38,1.35
Low,514,514,39.2 ,0.39,1.40
Low,515,515,40.6 ,0.37,1.35
Low,516,516,41.9 ,0.32,1.15
Low,517,517,42.9 ,0.24,0.85
Low,518,518,43.6 ,0.17,0.60
Low,519,519,44.1 ,0.13,0.45
Low,520,520,44.5 ,0.11,0.40
Low,521,521,44.9 ,0.13,0.45
Low,522,522,45.4 ,-0.06,-0.20
Low,523,523,44.5 ,-0.40,-1.45
Low,524,524,42.5 ,-0.69,-2.50
Low,525,525,39.5 ,-0.83,-3.00
Low,526,526,36.5 ,-0.83,-3.00
Low,527,527,33.5 ,-0.85,-3.05
Low,528,528,30.4 ,-0.90,-3.25
Low,529,529,27.0 ,-0.94,-3.40
Low,530,530,23.6 ,-0.83,-3.00
Low,531,531,21.0 ,-0.43,-1.55
Low,532,532,20.5 ,0.18,0.65
Low,533,533,22.3 ,0.60,2.15
Low,534,534,24.8 ,0.78,2.80
Low,535,535,27.9 ,0.76,2.75
Low,536,536,30.3 ,0.74,2.65
Low,537,537,33.2 ,0.71,2.55
Low,538,538,35.4 ,0.67,2.40
Low,539,539,38.0 ,0.65,2.35
Low,540,540,40.1 ,0.65,2.35
Low,541,541,42.7 ,0.61,2.20
Low,542,542,44.5 ,0.50,1.80
Low,543,543,46.3 ,0.43,1.55
Low,544,544,47.6 ,0.35,1.25
Low,545,545,48.8 ,0.29,1.05
Low,546,546,49.7 ,0.25,0.90
Low,547,547,50.6 ,0.24,0.85
Low,548,548,51.4 ,0.11,0.40
Low,549,549,51.4 ,-0.17,-0.60
Low,550,550,50.2 ,-0.50,-1.80
Low,551,551,47.8 ,-0.76,-2.75
Low,552,552,44.7 ,-0.88,-3.15
Low,553,553,41.5 ,-0.90,-3.25
Low,554,554,38.2 ,-0.85,-3.05
Low,555,555,35.4 ,-0.78,-2.80
Low,556,556,32.6 ,-0.79,-2.85
Low,557,557,29.7 ,-0.85,-3.05
Low,558,558,26.5 ,-0.88,-3.15
Low,559,559,23.4 ,-0.85,-3.05
Low,560,560,20.4 ,-0.82,-2.95
Low,561,561,17.5 ,-0.83,-3.00
Low,562,562,14.4 ,-0.82,-2.95
Low,563,563,11.6 ,-0.83,-3.00
Low,564,564,8.4 ,-0.83,-3.00
Low,565,565,5.6 ,-0.81,-2.90
Low,566,566,2.6 ,-0.78,-2.80
Low,567,567,0.0 ,-0.36,-1.30
Low,568,568,0.0 ,0.00,0.00
Low,569,569,0.0 ,0.00,0.00
Low,570,570,0.0 ,0.00,0.00
Low,571,571,0.0 ,0.00,0.00
Low,572,572,0.0 ,0.00,0.00
Low,573,573,0.0 ,0.00,0.00
Low,574,574,0.0 ,0.00,0.00
Low,575,575,0.0 ,0.00,0.00
Low,576,576,0.0 ,0.00,0.00
Low,577,577,0.0 ,0.00,0.00
Low,578,578,0.0 ,0.00,0.00
Low,579,579,0.0 ,0.00,0.00
Low,580,580,0.0 ,0.00,0.00
Low,581,581,0.0 ,0.00,0.00
Low,582,582,0.0 ,0.00,0.00
Low,583,583,0.0 ,0.00,0.00
Low,584,584,0.0 ,0.00,0.00
Low,585,585,0.0 ,0.00,0.00
Low,586,586,0.0 ,0.00,0.00
Low,587,587,0.0 ,0.00,0.00
Low,588,588,0.0 ,0.00,0.00
Low,589,589,0.0 ,0.00,0.00
Middle,590,1,0.0 ,0.00,0.00
Middle,591,2,0.0 ,0.00,0.00
Middle,592,3,0.0 ,0.00,0.00
Middle,593,4,0.0 ,0.00,0.00
Middle,594,5,0.0 ,0.00,0.00
Middle,595,6,0.0 ,0.00,0.00
Middle,596,7,0.0 ,0.00,0.00
Middle,597,8,0.0 ,0.00,0.00
Middle,598,9,0.0 ,0.00,0.00
Middle,599,10,0.0 ,0.00,0.00
Middle,600,11,0.0 ,0.22,0.80
Middle,601,12,1.6 ,0.50,1.80
Middle,602,13,3.6 ,0.65,2.35
Middle,603,14,6.3 ,0.75,2.70
Middle,604,15,9.0 ,0.76,2.75
Middle,605,16,11.8 ,0.72,2.60
Middle,606,17,14.2 ,0.67,2.40
Middle,607,18,16.6 ,0.60,2.15
Middle,608,19,18.5 ,0.58,2.10
Middle,609,20,20.8 ,0.68,2.45
Middle,610,21,23.4 ,0.85,3.05
Middle,611,22,26.9 ,0.96,3.45
Middle,612,23,30.3 ,0.82,2.95
Middle,613,24,32.8 ,0.53,1.90
Middle,614,25,34.1 ,0.19,0.70
Middle,615,26,34.2 ,-0.07,-0.25
Middle,616,27,33.6 ,-0.29,-1.05
Middle,617,28,32.1 ,-0.50,-1.80
Middle,618,29,30.0 ,-0.64,-2.30
Middle,619,30,27.5 ,-0.68,-2.45
Middle,620,31,25.1 ,-0.65,-2.35
Middle,621,32,22.8 ,-0.64,-2.30
Middle,622,33,20.5 ,-0.68,-2.45
Middle,623,34,17.9 ,-0.75,-2.70
Middle,624,35,15.1 ,-0.63,-2.25
Middle,625,36,13.4 ,-0.32,-1.15
Middle,626,37,12.8 ,0.04,0.15
Middle,627,38,13.7 ,0.44,1.60
Middle,628,39,16.0 ,0.61,2.20
Middle,629,40,18.1 ,0.67,2.40
Middle,630,41,20.8 ,0.78,2.80
Middle,631,42,23.7 ,0.79,2.85
Middle,632,43,26.5 ,0.78,2.80
Middle,633,44,29.3 ,0.76,2.75
Middle,634,45,32.0 ,0.72,2.60
Middle,635,46,34.5 ,0.67,2.40
Middle,636,47,36.8 ,0.57,2.05
Middle,637,48,38.6 ,0.42,1.50
Middle,638,49,39.8 ,0.28,1.00
Middle,639,50,40.6 ,0.18,0.65
Middle,640,51,41.1 ,0.18,0.65
Middle,641,52,41.9 ,0.24,0.85
Middle,642,53,42.8 ,0.33,1.20
Middle,643,54,44.3 ,0.40,1.45
Middle,644,55,45.7 ,0.43,1.55
Middle,645,56,47.4 ,0.44,1.60
Middle,646,57,48.9 ,0.44,1.60
Middle,647,58,50.6 ,0.43,1.55
Middle,648,59,52.0 ,0.43,1.55
Middle,649,60,53.7 ,0.42,1.50
Middle,650,61,55.0 ,0.43,1.55
Middle,651,62,56.8 ,0.42,1.50
Middle,652,63,58.0 ,0.42,1.50
Middle,653,64,59.8 ,0.43,1.55
Middle,654,65,61.1 ,0.36,1.30
Middle,655,66,62.4 ,0.26,0.95
Middle,656,67,63.0 ,0.15,0.55
Middle,657,68,63.5 ,0.00,0.00
Middle,658,69,63.0 ,-0.21,-0.75
Middle,659,70,62.0 ,-0.36,-1.30
Middle,660,71,60.4 ,-0.47,-1.70
Middle,661,72,58.6 ,-0.51,-1.85
Middle,662,73,56.7 ,-0.50,-1.80
Middle,663,74,55.0 ,-0.42,-1.50
Middle,664,75,53.7 ,-0.32,-1.15
Middle,665,76,52.7 ,-0.25,-0.90
Middle,666,77,51.9 ,-0.18,-0.65
Middle,667,78,51.4 ,-0.13,-0.45
Middle,668,79,51.0 ,-0.10,-0.35
Middle,669,80,50.7 ,-0.06,-0.20
Middle,670,81,50.6 ,0.01,0.05
Middle,671,82,50.8 ,0.08,0.30
Middle,672,83,51.2 ,0.13,0.45
Middle,673,84,51.7 ,0.15,0.55
Middle,674,85,52.3 ,0.19,0.70
Middle,675,86,53.1 ,0.21,0.75
Middle,676,87,53.8 ,0.19,0.70
Middle,677,88,54.5 ,0.18,0.65
Middle,678,89,55.1 ,0.19,0.70
Middle,679,90,55.9 ,0.19,0.70
Middle,680,91,56.5 ,0.17,0.60
Middle,681,92,57.1 ,0.18,0.65
Middle,682,93,57.8 ,0.19,0.70
Middle,683,94,58.5 ,0.21,0.75
Middle,684,95,59.3 ,0.24,0.85
Middle,685,96,60.2 ,0.28,1.00
Middle,686,97,61.3 ,0.31,1.10
Middle,687,98,62.4 ,0.29,1.05
Middle,688,99,63.4 ,0.28,1.00
Middle,689,100,64.4 ,0.28,1.00
Middle,690,101,65.4 ,0.26,0.95
Middle,691,102,66.3 ,0.25,0.90
Middle,692,103,67.2 ,0.24,0.85
Middle,693,104,68.0 ,0.22,0.80
Middle,694,105,68.8 ,0.21,0.75
Middle,695,106,69.5 ,0.18,0.65
Middle,696,107,70.1 ,0.15,0.55
Middle,697,108,70.6 ,0.13,0.45
Middle,698,109,71.0 ,0.14,0.50
Middle,699,110,71.6 ,0.17,0.60
Middle,700,111,72.2 ,0.17,0.60
Middle,701,112,72.8 ,0.18,0.65
Middle,702,113,73.5 ,0.18,0.65
Middle,703,114,74.1 ,0.11,0.40
Middle,704,115,74.3 ,0.03,0.10
Middle,705,116,74.3 ,-0.08,-0.30
Middle,706,117,73.7 ,-0.24,-0.85
Middle,707,118,72.6 ,-0.38,-1.35
Middle,708,119,71.0 ,-0.47,-1.70
Middle,709,120,69.2 ,-0.54,-1.95
Middle,710,121,67.1 ,-0.54,-1.95
Middle,711,122,65.3 ,-0.46,-1.65
Middle,712,123,63.8 ,-0.37,-1.35
Middle,713,124,62.6 ,-0.29,-1.05
Middle,714,125,61.7 ,-0.19,-0.70
Middle,715,126,61.2 ,-0.13,-0.45
Middle,716,127,60.8 ,-0.07,-0.25
Middle,717,128,60.7 ,0.01,0.05
Middle,718,129,60.9 ,0.07,0.25
Middle,719,130,61.2 ,0.11,0.40
Middle,720,131,61.7 ,0.13,0.45
Middle,721,132,62.1 ,0.07,0.25
Middle,722,133,62.2 ,0.01,0.05
Middle,723,134,62.2 ,-0.08,-0.30
Middle,724,135,61.6 ,-0.28,-1.00
Middle,725,136,60.2 ,-0.43,-1.55
Middle,726,137,58.5 ,-0.51,-1.85
Middle,727,138,56.5 ,-0.54,-1.95
Middle,728,139,54.6 ,-0.46,-1.65
Middle,729,140,53.2 ,-0.28,-1.00
Middle,730,141,52.6 ,-0.06,-0.20
Middle,731,142,52.8 ,0.13,0.45
Middle,732,143,53.5 ,0.22,0.80
Middle,733,144,54.4 ,0.22,0.80
Middle,734,145,55.1 ,0.17,0.60
Middle,735,146,55.6 ,0.06,0.20
Middle,736,147,55.5 ,-0.10,-0.35
Middle,737,148,54.9 ,-0.19,-0.70
Middle,738,149,54.1 ,-0.24,-0.85
Middle,739,150,53.2 ,-0.28,-1.00
Middle,740,151,52.1 ,-0.33,-1.20
Middle,741,152,50.8 ,-0.38,-1.35
Middle,742,153,49.4 ,-0.43,-1.55
Middle,743,154,47.7 ,-0.53,-1.90
Middle,744,155,45.6 ,-0.58,-2.10
Middle,745,156,43.5 ,-0.58,-2.10
Middle,746,157,41.4 ,-0.64,-2.30
Middle,747,158,38.9 ,-0.75,-2.70
Middle,748,159,36.0 ,-0.86,-3.10
Middle,749,160,32.7 ,-0.92,-3.30
Middle,750,161,29.4 ,-0.90,-3.25
Middle,751,162,26.2 ,-0.82,-2.95
Middle,752,163,23.5 ,-0.63,-2.25
Middle,753,164,21.7 ,-0.39,-1.40
Middle,754,165,20.7 ,-0.21,-0.75
Middle,755,166,20.2 ,-0.11,-0.40
Middle,756,167,19.9 ,-0.10,-0.35
Middle,757,168,19.5 ,-0.19,-0.70
Middle,758,169,18.5 ,-0.32,-1.15
Middle,759,170,17.2 ,-0.38,-1.35
Middle,760,171,15.8 ,-0.33,-1.20
Middle,761,172,14.8 ,-0.19,-0.70
Middle,762,173,14.4 ,0.01,0.05
Middle,763,174,14.9 ,0.21,0.75
Middle,764,175,15.9 ,0.31,1.10
Middle,765,176,17.1 ,0.33,1.20
Middle,766,177,18.3 ,0.32,1.15
Middle,767,178,19.4 ,0.29,1.05
Middle,768,179,20.4 ,0.25,0.90
Middle,769,180,21.2 ,0.18,0.65
Middle,770,181,21.7 ,0.07,0.25
Middle,771,182,21.7 ,-0.06,-0.20
Middle,772,183,21.3 ,-0.19,-0.70
Middle,773,184,20.3 ,-0.31,-1.10
Middle,774,185,19.1 ,-0.33,-1.20
Middle,775,186,17.9 ,-0.31,-1.10
Middle,776,187,16.9 ,-0.25,-0.90
Middle,777,188,16.1 ,-0.18,-0.65
Middle,778,189,15.6 ,-0.11,-0.40
Middle,779,190,15.3 ,-0.06,-0.20
Middle,780,191,15.2 ,-0.03,-0.10
Middle,781,192,15.1 ,-0.03,-0.10
Middle,782,193,15.0 ,-0.01,-0.05
Middle,783,194,15.0 ,0.00,0.00
Middle,784,195,15.0 ,0.00,0.00
Middle,785,196,15.0 ,0.00,0.00
Middle,786,197,15.0 ,-0.03,-0.10
Middle,787,198,14.8 ,-0.07,-0.25
Middle,788,199,14.5 ,-0.10,-0.35
Middle,789,200,14.1 ,-0.14,-0.50
Middle,790,201,13.5 ,-0.15,-0.55
Middle,791,202,13.0 ,-0.11,-0.40
Middle,792,203,12.7 ,-0.07,-0.25
Middle,793,204,12.5 ,-0.03,-0.10
Middle,794,205,12.5 ,0.01,0.05
Middle,795,206,12.6 ,0.07,0.25
Middle,796,207,13.0 ,0.14,0.50
Middle,797,208,13.6 ,0.22,0.80
Middle,798,209,14.6 ,0.29,1.05
Middle,799,210,15.7 ,0.35,1.25
Middle,800,211,17.1 ,0.42,1.50
Middle,801,212,18.7 ,0.43,1.55
Middle,802,213,20.2 ,0.44,1.60
Middle,803,214,21.9 ,0.47,1.70
Middle,804,215,23.6 ,0.49,1.75
Middle,805,216,25.4 ,0.49,1.75
Middle,806,217,27.1 ,0.49,1.75
Middle,807,218,28.9 ,0.46,1.65
Middle,808,219,30.4 ,0.43,1.55
Middle,809,220,32.0 ,0.42,1.50
Middle,810,221,33.4 ,0.42,1.50
Middle,811,222,35.0 ,0.42,1.50
Middle,812,223,36.4 ,0.43,1.55
Middle,813,224,38.1 ,0.46,1.65
Middle,814,225,39.7 ,0.49,1.75
Middle,815,226,41.6 ,0.50,1.80
Middle,816,227,43.3 ,0.49,1.75
Middle,817,228,45.1 ,0.50,1.80
Middle,818,229,46.9 ,0.50,1.80
Middle,819,230,48.7 ,0.50,1.80
Middle,820,231,50.5 ,0.51,1.85
Middle,821,232,52.4 ,0.50,1.80
Middle,822,233,54.1 ,0.46,1.65
Middle,823,234,55.7 ,0.40,1.45
Middle,824,235,57.0 ,0.35,1.25
Middle,825,236,58.2 ,0.32,1.15
Middle,826,237,59.3 ,0.26,0.95
Middle,827,238,60.1 ,0.22,0.80
Middle,828,239,60.9 ,0.21,0.75
Middle,829,240,61.6 ,0.18,0.65
Middle,830,241,62.2 ,0.15,0.55
Middle,831,242,62.7 ,0.14,0.50
Middle,832,243,63.2 ,0.10,0.35
Middle,833,244,63.4 ,0.04,0.15
Middle,834,245,63.5 ,0.01,0.05
Middle,835,246,63.5 ,0.03,0.10
Middle,836,247,63.7 ,0.07,0.25
Middle,837,248,64.0 ,0.12,0.45
Middle,838,249,64.6 ,0.18,0.65
Middle,839,250,65.3 ,0.22,0.80
Middle,840,251,66.2 ,0.22,0.80
Middle,841,252,66.9 ,0.22,0.80
Middle,842,253,67.8 ,0.24,0.85
Middle,843,254,68.6 ,0.22,0.80
Middle,844,255,69.4 ,0.21,0.75
Middle,845,256,70.1 ,0.21,0.75
Middle,846,257,70.9 ,0.22,0.80
Middle,847,258,71.7 ,0.22,0.80
Middle,848,259,72.5 ,0.21,0.75
Middle,849,260,73.2 ,0.18,0.65
Middle,850,261,73.8 ,0.17,0.60
Middle,851,262,74.4 ,0.13,0.45
Middle,852,263,74.7 ,0.04,0.15
Middle,853,264,74.7 ,-0.01,-0.05
Middle,854,265,74.6 ,-0.07,-0.25
Middle,855,266,74.2 ,-0.15,-0.55
Middle,856,267,73.5 ,-0.22,-0.80
Middle,857,268,72.6 ,-0.24,-0.85
Middle,858,269,71.8 ,-0.22,-0.80
Middle,859,270,71.0 ,-0.24,-0.85
Middle,860,271,70.1 ,-0.22,-0.80
Middle,861,272,69.4 ,-0.17,-0.60
Middle,862,273,68.9 ,-0.14,-0.50
Middle,863,274,68.4 ,-0.14,-0.50
Middle,864,275,67.9 ,-0.18,-0.65
Middle,865,276,67.1 ,-0.29,-1.05
Middle,866,277,65.8 ,-0.44,-1.60
Middle,867,278,63.9 ,-0.61,-2.20
Middle,868,279,61.4 ,-0.76,-2.75
Middle,869,280,58.4 ,-0.83,-3.00
Middle,870,281,55.4 ,-0.83,-3.00
Middle,871,282,52.4 ,-0.75,-2.70
Middle,872,283,50.0 ,-0.57,-2.05
Middle,873,284,48.3 ,-0.38,-1.35
Middle,874,285,47.3 ,-0.21,-0.75
Middle,875,286,46.8 ,-0.06,-0.20
Middle,876,287,46.9 ,0.04,0.15
Middle,877,288,47.1 ,0.08,0.30
Middle,878,289,47.5 ,0.10,0.35
Middle,879,290,47.8 ,0.11,0.40
Middle,880,291,48.3 ,0.14,0.50
Middle,881,292,48.8 ,0.17,0.60
Middle,882,293,49.5 ,0.19,0.70
Middle,883,294,50.2 ,0.18,0.65
Middle,884,295,50.8 ,0.17,0.60
Middle,885,296,51.4 ,0.14,0.50
Middle,886,297,51.8 ,0.07,0.25
Middle,887,298,51.9 ,-0.01,-0.05
Middle,888,299,51.7 ,-0.10,-0.35
Middle,889,300,51.2 ,-0.18,-0.65
Middle,890,301,50.4 ,-0.28,-1.00
Middle,891,302,49.2 ,-0.37,-1.35
Middle,892,303,47.7 ,-0.40,-1.45
Middle,893,304,46.3 ,-0.36,-1.30
Middle,894,305,45.1 ,-0.29,-1.05
Middle,895,306,44.2 ,-0.19,-0.70
Middle,896,307,43.7 ,-0.11,-0.40
Middle,897,308,43.4 ,-0.08,-0.30
Middle,898,309,43.1 ,-0.13,-0.45
Middle,899,310,42.5 ,-0.18,-0.65
Middle,900,311,41.8 ,-0.19,-0.70
Middle,901,312,41.1 ,-0.21,-0.75
Middle,902,313,40.3 ,-0.19,-0.70
Middle,903,314,39.7 ,-0.14,-0.50
Middle,904,315,39.3 ,-0.07,-0.25
Middle,905,316,39.2 ,0.00,0.00
Middle,906,317,39.3 ,0.06,0.20
Middle,907,318,39.6 ,0.10,0.35
Middle,908,319,40.0 ,0.15,0.55
Middle,909,320,40.7 ,0.19,0.70
Middle,910,321,41.4 ,0.21,0.75
Middle,911,322,42.2 ,0.24,0.85
Middle,912,323,43.1 ,0.26,0.95
Middle,913,324,44.1 ,0.24,0.85
Middle,914,325,44.8 ,0.19,0.70
Middle,915,326,45.5 ,0.14,0.50
Middle,916,327,45.8 ,0.10,0.35
Middle,917,328,46.2 ,0.08,0.30
Middle,918,329,46.4 ,0.04,0.15
Middle,919,330,46.5 ,0.01,0.05
Middle,920,331,46.5 ,0.01,0.05
Middle,921,332,46.6 ,0.00,0.00
Middle,922,333,46.5 ,-0.01,-0.05
Middle,923,334,46.5 ,-0.01,-0.05
Middle,924,335,46.4 ,-0.01,-0.05
Middle,925,336,46.4 ,0.00,0.00
Middle,926,337,46.4 ,0.01,0.05
Middle,927,338,46.5 ,0.00,0.00
Middle,928,339,46.4 ,0.01,0.05
Middle,929,340,46.6 ,0.03,0.10
Middle,930,341,46.6 ,0.03,0.10
Middle,931,342,46.8 ,0.01,0.05
Middle,932,343,46.7 ,0.01,0.05
Middle,933,344,46.9 ,0.03,0.10
Middle,934,345,46.9 ,0.00,0.00
Middle,935,346,46.9 ,-0.01,-0.05
Middle,936,347,46.8 ,0.01,0.05
Middle,937,348,47.0 ,0.01,0.05
Middle,938,349,46.9 ,-0.01,-0.05
Middle,939,350,46.9 ,0.00,0.00
Middle,940,351,46.9 ,-0.01,-0.05
Middle,941,352,46.8 ,-0.10,-0.35
Middle,942,353,46.2 ,-0.17,-0.60
Middle,943,354,45.6 ,-0.18,-0.65
Middle,944,355,44.9 ,-0.18,-0.65
Middle,945,356,44.3 ,-0.15,-0.55
Middle,946,357,43.8 ,-0.10,-0.35
Middle,947,358,43.6 ,-0.04,-0.15
Middle,948,359,43.5 ,0.00,0.00
Middle,949,360,43.6 ,0.01,0.05
Middle,950,361,43.6 ,-0.01,-0.05
Middle,951,362,43.5 ,-0.01,-0.05
Middle,952,363,43.5 ,0.00,0.00
Middle,953,364,43.5 ,-0.01,-0.05
Middle,954,365,43.4 ,-0.04,-0.15
Middle,955,366,43.2 ,-0.06,-0.20
Middle,956,367,43.0 ,-0.07,-0.25
Middle,957,368,42.7 ,-0.08,-0.30
Middle,958,369,42.4 ,-0.06,-0.20
Middle,959,370,42.3 ,-0.03,-0.10
Middle,960,371,42.2 ,-0.03,-0.10
Middle,961,372,42.1 ,-0.01,-0.05
Middle,962,373,42.1 ,-0.03,-0.10
Middle,963,374,41.9 ,-0.06,-0.20
Middle,964,375,41.7 ,-0.06,-0.20
Middle,965,376,41.5 ,-0.06,-0.20
Middle,966,377,41.3 ,-0.04,-0.15
Middle,967,378,41.2 ,-0.04,-0.15
Middle,968,379,41.0 ,-0.04,-0.15
Middle,969,380,40.9 ,-0.06,-0.20
Middle,970,381,40.6 ,-0.17,-0.60
Middle,971,382,39.7 ,-0.43,-1.55
Middle,972,383,37.5 ,-0.58,-2.10
Middle,973,384,35.5 ,-0.58,-2.10
Middle,974,385,33.3 ,-0.57,-2.05
Middle,975,386,31.4 ,-0.68,-2.45
Middle,976,387,28.4 ,-0.85,-3.05
Middle,977,388,25.3 ,-0.83,-3.00
Middle,978,389,22.4 ,-0.86,-3.10
Middle,979,390,19.1 ,-0.96,-3.45
Middle,980,391,15.5 ,-0.99,-3.55
Middle,981,392,12.0 ,-0.93,-3.35
Middle,982,393,8.8 ,-0.83,-3.00
Middle,983,394,6.0 ,-0.72,-2.60
Middle,984,395,3.6 ,-0.61,-2.20
Middle,985,396,1.6 ,-0.50,-1.80
Middle,986,397,0.0 ,-0.22,-0.80
Middle,987,398,0.0 ,0.00,0.00
Middle,988,399,0.0 ,0.00,0.00
Middle,989,400,0.0 ,0.00,0.00
Middle,990,401,0.0 ,0.00,0.00
Middle,991,402,0.0 ,0.00,0.00
Middle,992,403,0.0 ,0.00,0.00
Middle,993,404,0.0 ,0.00,0.00
Middle,994,405,0.0 ,0.00,0.00
Middle,995,406,0.0 ,0.00,0.00
Middle,996,407,0.0 ,0.00,0.00
Middle,997,408,0.0 ,0.00,0.00
Middle,998,409,0.0 ,0.00,0.00
Middle,999,410,0.0 ,0.00,0.00
Middle,1000,411,0.0 ,0.00,0.00
Middle,1001,412,0.0 ,0.00,0.00
Middle,1002,413,0.0 ,0.00,0.00
Middle,1003,414,0.0 ,0.00,0.00
Middle,1004,415,0.0 ,0.00,0.00
Middle,1005,416,0.0 ,0.00,0.00
Middle,1006,417,0.0 ,0.00,0.00
Middle,1007,418,0.0 ,0.00,0.00
Middle,1008,419,0.0 ,0.00,0.00
Middle,1009,420,0.0 ,0.00,0.00
Middle,1010,421,0.0 ,0.00,0.00
Middle,1011,422,0.0 ,0.00,0.00
Middle,1012,423,0.0 ,0.00,0.00
Middle,1013,424,0.0 ,0.00,0.00
Middle,1014,425,0.0 ,0.00,0.00
Middle,1015,426,0.0 ,0.00,0.00
Middle,1016,427,0.0 ,0.00,0.00
Middle,1017,428,0.0 ,0.00,0.00
Middle,1018,429,0.0 ,0.00,0.00
Middle,1019,430,0.0 ,0.00,0.00
Middle,1020,431,0.0 ,0.00,0.00
Middle,1021,432,0.0 ,0.00,0.00
Middle,1022,433,0.0 ,0.00,0.00
High,1023,1,0.0 ,0.00,0.00
High,1024,2,0.0 ,0.00,0.00
High,1025,3,0.0 ,0.00,0.00
High,1026,4,0.0 ,0.15,0.55
High,1027,5,1.1 ,0.42,1.50
High,1028,6,3.0 ,0.64,2.30
High,1029,7,5.7 ,0.75,2.70
High,1030,8,8.4 ,0.75,2.70
High,1031,9,11.1 ,0.78,2.80
High,1032,10,14.0 ,0.82,2.95
High,1033,11,17.0 ,0.85,3.05
High,1034,12,20.1 ,0.79,2.85
High,1035,13,22.7 ,0.49,1.75
High,1036,14,23.6 ,0.25,0.90
High,1037,15,24.5 ,0.17,0.60
High,1038,16,24.8 ,0.03,0.10
High,1039,17,24.7 ,-0.03,-0.10
High,1040,18,24.6 ,0.01,0.05
High,1041,19,24.8 ,0.06,0.20
High,1042,20,25.0 ,0.07,0.25
High,1043,21,25.3 ,0.08,0.30
High,1044,22,25.6 ,0.10,0.35
High,1045,23,26.0 ,0.07,0.25
High,1046,24,26.1 ,0.04,0.15
High,1047,25,26.3 ,0.07,0.25
High,1048,26,26.6 ,0.08,0.30
High,1049,27,26.9 ,0.10,0.35
High,1050,28,27.3 ,0.11,0.40
High,1051,29,27.7 ,0.11,0.40
High,1052,30,28.1 ,0.11,0.40
High,1053,31,28.5 ,0.17,0.60
High,1054,32,29.3 ,0.26,0.95
High,1055,33,30.4 ,0.35,1.25
High,1056,34,31.8 ,0.46,1.65
High,1057,35,33.7 ,0.56,2.00
High,1058,36,35.8 ,0.57,2.05
High,1059,37,37.8 ,0.51,1.85
High,1060,38,39.5 ,0.42,1.50
High,1061,39,40.8 ,0.32,1.15
High,1062,40,41.8 ,0.22,0.80
High,1063,41,42.4 ,0.17,0.60
High,1064,42,43.0 ,0.14,0.50
High,1065,43,43.4 ,0.14,0.50
High,1066,44,44.0 ,0.15,0.55
High,1067,45,44.5 ,0.14,0.50
High,1068,46,45.0 ,0.14,0.50
High,1069,47,45.5 ,0.15,0.55
High,1070,48,46.1 ,0.14,0.50
High,1071,49,46.5 ,0.11,0.40
High,1072,50,46.9 ,0.13,0.45
High,1073,51,47.4 ,0.15,0.55
High,1074,52,48.0 ,0.15,0.55
High,1075,53,48.5 ,0.15,0.55
High,1076,54,49.1 ,0.17,0.60
High,1077,55,49.7 ,0.15,0.55
High,1078,56,50.2 ,0.11,0.40
High,1079,57,50.5 ,0.08,0.30
High,1080,58,50.8 ,0.08,0.30
High,1081,59,51.1 ,0.07,0.25
High,1082,60,51.3 ,0.03,0.10
High,1083,61,51.3 ,0.00,0.00
High,1084,62,51.3 ,0.00,0.00
High,1085,63,51.3 ,-0.01,-0.05
High,1086,64,51.2 ,-0.03,-0.10
High,1087,65,51.1 ,0.00,0.00
High,1088,66,51.2 ,0.04,0.15
High,1089,67,51.4 ,0.06,0.20
High,1090,68,51.6 ,0.07,0.25
High,1091,69,51.9 ,0.07,0.25
High,1092,70,52.1 ,0.06,0.20
High,1093,71,52.3 ,0.04,0.15
High,1094,72,52.4 ,0.01,0.05
High,1095,73,52.4 ,-0.03,-0.10
High,1096,74,52.2 ,-0.07,-0.25
High,1097,75,51.9 ,-0.08,-0.30
High,1098,76,51.6 ,-0.08,-0.30
High,1099,77,51.3 ,-0.08,-0.30
High,1100,78,51.0 ,-0.06,-0.20
High,1101,79,50.9 ,0.00,0.00
High,1102,80,51.0 ,0.08,0.30
High,1103,81,51.5 ,0.18,0.65
High,1104,82,52.3 ,0.28,1.00
High,1105,83,53.5 ,0.38,1.35
High,1106,84,55.0 ,0.46,1.65
High,1107,85,56.8 ,0.53,1.90
High,1108,86,58.8 ,0.57,2.05
High,1109,87,60.9 ,0.58,2.10
High,1110,88,63.0 ,0.57,2.05
High,1111,89,65.0 ,0.54,1.95
High,1112,90,66.9 ,0.50,1.80
High,1113,91,68.6 ,0.44,1.60
High,1114,92,70.1 ,0.40,1.45
High,1115,93,71.5 ,0.38,1.35
High,1116,94,72.8 ,0.33,1.20
High,1117,95,73.9 ,0.29,1.05
High,1118,96,74.9 ,0.26,0.95
High,1119,97,75.8 ,0.24,0.85
High,1120,98,76.6 ,0.19,0.70
High,1121,99,77.2 ,0.15,0.55
High,1122,100,77.7 ,0.12,0.45
High,1123,101,78.1 ,0.08,0.30
High,1124,102,78.3 ,0.06,0.20
High,1125,103,78.5 ,0.03,0.10
High,1126,104,78.5 ,0.00,0.00
High,1127,105,78.5 ,0.01,0.05
High,1128,106,78.6 ,0.01,0.05
High,1129,107,78.6 ,0.03,0.10
High,1130,108,78.8 ,0.06,0.20
High,1131,109,79.0 ,0.08,0.30
High,1132,110,79.4 ,0.10,0.35
High,1133,111,79.7 ,0.11,0.40
High,1134,112,80.2 ,0.11,0.40
High,1135,113,80.5 ,0.10,0.35
High,1136,114,80.9 ,0.08,0.30
High,1137,115,81.1 ,0.04,0.15
High,1138,116,81.2 ,0.03,0.10
High,1139,117,81.3 ,0.00,0.00
High,1140,118,81.2 ,-0.04,-0.15
High,1141,119,81.0 ,-0.08,-0.30
High,1142,120,80.6 ,-0.14,-0.50
High,1143,121,80.0 ,-0.21,-0.75
High,1144,122,79.1 ,-0.28,-1.00
High,1145,123,78.0 ,-0.32,-1.15
High,1146,124,76.8 ,-0.35,-1.25
High,1147,125,75.5 ,-0.38,-1.35
High,1148,126,74.1 ,-0.36,-1.30
High,1149,127,72.9 ,-0.31,-1.10
High,1150,128,71.9 ,-0.24,-0.85
High,1151,129,71.2 ,-0.14,-0.50
High,1152,130,70.9 ,-0.03,-0.10
High,1153,131,71.0 ,0.08,0.30
High,1154,132,71.5 ,0.18,0.65
High,1155,133,72.3 ,0.24,0.85
High,1156,134,73.2 ,0.25,0.90
High,1157,135,74.1 ,0.24,0.85
High,1158,136,74.9 ,0.18,0.65
High,1159,137,75.4 ,0.08,0.30
High,1160,138,75.5 ,-0.03,-0.10
High,1161,139,75.2 ,-0.14,-0.50
High,1162,140,74.5 ,-0.26,-0.95
High,1163,141,73.3 ,-0.39,-1.40
High,1164,142,71.7 ,-0.47,-1.70
High,1165,143,69.9 ,-0.53,-1.90
High,1166,144,67.9 ,-0.58,-2.10
High,1167,145,65.7 ,-0.61,-2.20
High,1168,146,63.5 ,-0.63,-2.25
High,1169,147,61.2 ,-0.63,-2.25
High,1170,148,59.0 ,-0.61,-2.20
High,1171,149,56.8 ,-0.60,-2.15
High,1172,150,54.7 ,-0.57,-2.05
High,1173,151,52.7 ,-0.53,-1.90
High,1174,152,50.9 ,-0.46,-1.65
High,1175,153,49.4 ,-0.39,-1.40
High,1176,154,48.1 ,-0.32,-1.15
High,1177,155,47.1 ,-0.22,-0.80
High,1178,156,46.5 ,-0.11,-0.40
High,1179,157,46.3 ,0.00,0.00
High,1180,158,46.5 ,0.13,0.45
High,1181,159,47.2 ,0.25,0.90
High,1182,160,48.3 ,0.35,1.25
High,1183,161,49.7 ,0.42,1.50
High,1184,162,51.3 ,0.46,1.65
High,1185,163,53.0 ,0.50,1.80
High,1186,164,54.9 ,0.51,1.85
High,1187,165,56.7 ,0.51,1.85
High,1188,166,58.6 ,0.49,1.75
High,1189,167,60.2 ,0.42,1.50
High,1190,168,61.6 ,0.33,1.20
High,1191,169,62.6 ,0.21,0.75
High,1192,170,63.1 ,0.07,0.25
High,1193,171,63.1 ,-0.04,-0.15
High,1194,172,62.8 ,-0.13,-0.45
High,1195,173,62.2 ,-0.19,-0.70
High,1196,174,61.4 ,-0.21,-0.75
High,1197,175,60.7 ,-0.18,-0.65
High,1198,176,60.1 ,-0.13,-0.45
High,1199,177,59.8 ,-0.03,-0.10
High,1200,178,59.9 ,0.08,0.30
High,1201,179,60.4 ,0.21,0.75
High,1202,180,61.4 ,0.32,1.15
High,1203,181,62.7 ,0.40,1.45
High,1204,182,64.3 ,0.47,1.70
High,1205,183,66.1 ,0.50,1.80
High,1206,184,67.9 ,0.50,1.80
High,1207,185,69.7 ,0.49,1.75
High,1208,186,71.4 ,0.47,1.70
High,1209,187,73.1 ,0.46,1.65
High,1210,188,74.7 ,0.43,1.55
High,1211,189,76.2 ,0.39,1.40
High,1212,190,77.5 ,0.33,1.20
High,1213,191,78.6 ,0.31,1.10
High,1214,192,79.7 ,0.28,1.00
High,1215,193,80.6 ,0.25,0.90
High,1216,194,81.5 ,0.22,0.80
High,1217,195,82.2 ,0.21,0.75
High,1218,196,83.0 ,0.21,0.75
High,1219,197,83.7 ,0.19,0.70
High,1220,198,84.4 ,0.17,0.60
High,1221,199,84.9 ,0.10,0.35
High,1222,200,85.1 ,0.04,0.15
High,1223,201,85.2 ,-0.03,-0.10
High,1224,202,84.9 ,-0.11,-0.40
High,1225,203,84.4 ,-0.18,-0.65
High,1226,204,83.6 ,-0.24,-0.85
High,1227,205,82.7 ,-0.29,-1.05
High,1228,206,81.5 ,-0.36,-1.30
High,1229,207,80.1 ,-0.39,-1.40
High,1230,208,78.7 ,-0.37,-1.35
High,1231,209,77.4 ,-0.35,-1.25
High,1232,210,76.2 ,-0.28,-1.00
High,1233,211,75.4 ,-0.19,-0.70
High,1234,212,74.8 ,-0.15,-0.55
High,1235,213,74.3 ,-0.14,-0.50
High,1236,214,73.8 ,-0.15,-0.55
High,1237,215,73.2 ,-0.19,-0.70
High,1238,216,72.4 ,-0.22,-0.80
High,1239,217,71.6 ,-0.22,-0.80
High,1240,218,70.8 ,-0.21,-0.75
High,1241,219,70.1 ,-0.17,-0.60
High,1242,220,69.6 ,-0.11,-0.40
High,1243,221,69.3 ,-0.07,-0.25
High,1244,222,69.1 ,-0.04,-0.15
High,1245,223,69.0 ,-0.04,-0.15
High,1246,224,68.8 ,-0.06,-0.20
High,1247,225,68.6 ,-0.06,-0.20
High,1248,226,68.4 ,-0.07,-0.25
High,1249,227,68.1 ,-0.08,-0.30
High,1250,228,67.8 ,-0.08,-0.30
High,1251,229,67.5 ,-0.10,-0.35
High,1252,230,67.1 ,-0.11,-0.40
High,1253,231,66.7 ,-0.11,-0.40
High,1254,232,66.3 ,-0.13,-0.45
High,1255,233,65.8 ,-0.11,-0.40
High,1256,234,65.5 ,-0.10,-0.35
High,1257,235,65.1 ,-0.08,-0.30
High,1258,236,64.9 ,-0.07,-0.25
High,1259,237,64.6 ,-0.07,-0.25
High,1260,238,64.4 ,-0.07,-0.25
High,1261,239,64.1 ,-0.08,-0.30
High,1262,240,63.8 ,-0.08,-0.30
High,1263,241,63.5 ,-0.08,-0.30
High,1264,242,63.2 ,-0.10,-0.35
High,1265,243,62.8 ,-0.11,-0.40
High,1266,244,62.4 ,-0.11,-0.40
High,1267,245,62.0 ,-0.14,-0.50
High,1268,246,61.4 ,-0.17,-0.60
High,1269,247,60.8 ,-0.22,-0.80
High,1270,248,59.8 ,-0.31,-1.10
High,1271,249,58.6 ,-0.40,-1.45
High,1272,250,56.9 ,-0.53,-1.90
High,1273,251,54.8 ,-0.63,-2.25
High,1274,252,52.4 ,-0.68,-2.45
High,1275,253,49.9 ,-0.71,-2.55
High,1276,254,47.3 ,-0.71,-2.55
High,1277,255,44.8 ,-0.65,-2.35
High,1278,256,42.6 ,-0.57,-2.05
High,1279,257,40.7 ,-0.46,-1.65
High,1280,258,39.3 ,-0.32,-1.15
High,1281,259,38.4 ,-0.17,-0.60
High,1282,260,38.1 ,-0.04,-0.15
High,1283,261,38.1 ,0.06,0.20
High,1284,262,38.5 ,0.14,0.50
High,1285,263,39.1 ,0.19,0.70
High,1286,264,39.9 ,0.24,0.85
High,1287,265,40.8 ,0.25,0.90
High,1288,266,41.7 ,0.22,0.80
High,1289,267,42.4 ,0.19,0.70
High,1290,268,43.1 ,0.17,0.60
High,1291,269,43.6 ,0.15,0.55
High,1292,270,44.2 ,0.17,0.60
High,1293,271,44.8 ,0.18,0.65
High,1294,272,45.5 ,0.21,0.75
High,1295,273,46.3 ,0.24,0.85
High,1296,274,47.2 ,0.25,0.90
High,1297,275,48.1 ,0.26,0.95
High,1298,276,49.1 ,0.26,0.95
High,1299,277,50.0 ,0.26,0.95
High,1300,278,51.0 ,0.26,0.95
High,1301,279,51.9 ,0.24,0.85
High,1302,280,52.7 ,0.21,0.75
High,1303,281,53.4 ,0.19,0.70
High,1304,282,54.1 ,0.19,0.70
High,1305,283,54.8 ,0.19,0.70
High,1306,284,55.5 ,0.21,0.75
High,1307,285,56.3 ,0.24,0.85
High,1308,286,57.2 ,0.26,0.95
High,1309,287,58.2 ,0.28,1.00
High,1310,288,59.2 ,0.25,0.90
High,1311,289,60.0 ,0.22,0.80
High,1312,290,60.8 ,0.21,0.75
High,1313,291,61.5 ,0.19,0.70
High,1314,292,62.2 ,0.19,0.70
High,1315,293,62.9 ,0.21,0.75
High,1316,294,63.7 ,0.21,0.75
High,1317,295,64.4 ,0.19,0.70
High,1318,296,65.1 ,0.21,0.75
High,1319,297,65.9 ,0.21,0.75
High,1320,298,66.6 ,0.17,0.60
High,1321,299,67.1 ,0.03,0.10
High,1322,300,66.8 ,-0.21,-0.75
High,1323,301,65.6 ,-0.49,-1.75
High,1324,302,63.3 ,-0.75,-2.70
High,1325,303,60.2 ,-0.99,-3.55
High,1326,304,56.2 ,-1.11,-4.00
High,1327,305,52.2 ,-1.08,-3.90
High,1328,306,48.4 ,-1.00,-3.60
High,1329,307,45.0 ,-0.94,-3.40
High,1330,308,41.6 ,-0.89,-3.20
High,1331,309,38.6 ,-0.72,-2.60
High,1332,310,36.4 ,-0.53,-1.90
High,1333,311,34.8 ,-0.31,-1.10
High,1334,312,34.2 ,-0.01,-0.05
High,1335,313,34.7 ,0.29,1.05
High,1336,314,36.3 ,0.53,1.90
High,1337,315,38.5 ,0.65,2.35
High,1338,316,41.0 ,0.72,2.60
High,1339,317,43.7 ,0.76,2.75
High,1340,318,46.5 ,0.75,2.70
High,1341,319,49.1 ,0.71,2.55
High,1342,320,51.6 ,0.67,2.40
High,1343,321,53.9 ,0.61,2.20
High,1344,322,56.0 ,0.56,2.00
High,1345,323,57.9 ,0.51,1.85
High,1346,324,59.7 ,0.46,1.65
High,1347,325,61.2 ,0.39,1.40
High,1348,326,62.5 ,0.32,1.15
High,1349,327,63.5 ,0.25,0.90
High,1350,328,64.3 ,0.21,0.75
High,1351,329,65.0 ,0.15,0.55
High,1352,330,65.4 ,0.10,0.35
High,1353,331,65.7 ,0.07,0.25
High,1354,332,65.9 ,0.03,0.10
High,1355,333,65.9 ,0.00,0.00
High,1356,334,65.9 ,-0.01,-0.05
High,1357,335,65.8 ,-0.01,-0.05
High,1358,336,65.8 ,0.00,0.00
High,1359,337,65.8 ,0.00,0.00
High,1360,338,65.8 ,0.00,0.00
High,1361,339,65.8 ,0.01,0.05
High,1362,340,65.9 ,0.03,0.10
High,1363,341,66.0 ,0.01,0.05
High,1364,342,66.0 ,0.00,0.00
High,1365,343,66.0 ,0.00,0.00
High,1366,344,66.0 ,0.01,0.05
High,1367,345,66.1 ,0.03,0.10
High,1368,346,66.2 ,0.03,0.10
High,1369,347,66.3 ,0.04,0.15
High,1370,348,66.5 ,0.06,0.20
High,1371,349,66.7 ,0.06,0.20
High,1372,350,66.9 ,0.04,0.15
High,1373,351,67.0 ,0.03,0.10
High,1374,352,67.1 ,0.01,0.05
High,1375,353,67.1 ,-0.01,-0.05
High,1376,354,67.0 ,-0.03,-0.10
High,1377,355,66.9 ,-0.03,-0.10
High,1378,356,66.8 ,-0.03,-0.10
High,1379,357,66.7 ,-0.01,-0.05
High,1380,358,66.7 ,0.01,0.05
High,1381,359,66.8 ,0.04,0.15
High,1382,360,67.0 ,0.08,0.30
High,1383,361,67.4 ,0.13,0.45
High,1384,362,67.9 ,0.17,0.60
High,1385,363,68.6 ,0.17,0.60
High,1386,364,69.1 ,0.13,0.45
High,1387,365,69.5 ,0.10,0.35
High,1388,366,69.8 ,0.06,0.20
High,1389,367,69.9 ,-0.04,-0.15
High,1390,368,69.5 ,-0.14,-0.50
High,1391,369,68.9 ,-0.19,-0.70
High,1392,370,68.1 ,-0.21,-0.75
High,1393,371,67.4 ,-0.19,-0.70
High,1394,372,66.7 ,-0.15,-0.55
High,1395,373,66.3 ,-0.07,-0.25
High,1396,374,66.2 ,0.00,0.00
High,1397,375,66.3 ,0.04,0.15
High,1398,376,66.5 ,0.06,0.20
High,1399,377,66.7 ,0.06,0.20
High,1400,378,66.9 ,0.04,0.15
High,1401,379,67.0 ,0.03,0.10
High,1402,380,67.1 ,0.01,0.05
High,1403,381,67.1 ,-0.01,-0.05
High,1404,382,67.0 ,-0.03,-0.10
High,1405,383,66.9 ,-0.03,-0.10
High,1406,384,66.8 ,-0.03,-0.10
High,1407,385,66.7 ,-0.01,-0.05
High,1408,386,66.7 ,0.01,0.05
High,1409,387,66.8 ,0.04,0.15
High,1410,388,67.0 ,0.07,0.25
High,1411,389,67.3 ,0.10,0.35
High,1412,390,67.7 ,0.11,0.40
High,1413,391,68.1 ,0.12,0.45
High,1414,392,68.6 ,0.13,0.45
High,1415,393,69.0 ,0.10,0.35
High,1416,394,69.3 ,0.04,0.15
High,1417,395,69.3 ,-0.01,-0.05
High,1418,396,69.2 ,-0.07,-0.25
High,1419,397,68.8 ,-0.14,-0.50
High,1420,398,68.2 ,-0.17,-0.60
High,1421,399,67.6 ,-0.11,-0.40
High,1422,400,67.4 ,-0.06,-0.20
High,1423,401,67.2 ,-0.07,-0.25
High,1424,402,66.9 ,-0.13,-0.45
High,1425,403,66.3 ,-0.21,-0.75
High,1426,404,65.4 ,-0.32,-1.15
High,1427,405,64.0 ,-0.42,-1.50
High,1428,406,62.4 ,-0.47,-1.70
High,1429,407,60.6 ,-0.53,-1.90
High,1430,408,58.6 ,-0.54,-1.95
High,1431,409,56.7 ,-0.53,-1.90
High,1432,410,54.8 ,-0.51,-1.85
High,1433,411,53.0 ,-0.49,-1.75
High,1434,412,51.3 ,-0.47,-1.70
High,1435,413,49.6 ,-0.49,-1.75
High,1436,414,47.8 ,-0.57,-2.05
High,1437,415,45.5 ,-0.69,-2.50
High,1438,416,42.8 ,-0.79,-2.85
High,1439,417,39.8 ,-0.88,-3.15
High,1440,418,36.5 ,-0.94,-3.40
High,1441,419,33.0 ,-0.97,-3.50
High,1442,420,29.5 ,-1.00,-3.60
High,1443,421,25.8 ,-1.03,-3.70
High,1444,422,22.1 ,-1.00,-3.60
High,1445,423,18.6 ,-0.94,-3.40
High,1446,424,15.3 ,-0.86,-3.10
High,1447,425,12.4 ,-0.79,-2.85
High,1448,426,9.6 ,-0.81,-2.90
High,1449,427,6.6 ,-0.81,-2.90
High,1450,428,3.8 ,-0.69,-2.50
High,1451,429,1.6 ,-0.53,-1.90
High,1452,430,0.0 ,-0.22,-0.80
High,1453,431,0.0 ,0.00,0.00
High,1454,432,0.0 ,0.00,0.00
High,1455,433,0.0 ,0.00,0.00
High,1456,434,0.0 ,0.00,0.00
High,1457,435,0.0 ,0.00,0.00
High,1458,436,0.0 ,0.00,0.00
High,1459,437,0.0 ,0.00,0.00
High,1460,438,0.0 ,0.00,0.00
High,1461,439,0.0 ,0.00,0.00
High,1462,440,0.0 ,0.00,0.00
High,1463,441,0.0 ,0.00,0.00
High,1464,442,0.0 ,0.00,0.00
High,1465,443,0.0 ,0.00,0.00
High,1466,444,0.0 ,0.00,0.00
High,1467,445,0.0 ,0.00,0.00
High,1468,446,0.0 ,0.00,0.00
High,1469,447,0.0 ,0.00,0.00
High,1470,448,0.0 ,0.00,0.00
High,1471,449,0.0 ,0.00,0.00
High,1472,450,0.0 ,0.00,0.00
High,1473,451,0.0 ,0.00,0.00
High,1474,452,0.0 ,0.00,0.00
High,1475,453,0.0 ,0.00,0.00
High,1476,454,0.0 ,0.00,0.00
High,1477,455,0.0 ,0.00,0.00
